file,scale,paradigms,model_hits,building_model_paradigms,building_model_paradigm_terms,system_model_paradigms,system_model_paradigm_terms,occupancy_model_paradigms,occupancy_model_paradigm_terms,climate_model_paradigms,climate_model_paradigm_terms,building_model_optim_methods,building_model_optim_objectives,building_model_optim_terms,system_model_optim_methods,system_model_optim_objectives,system_model_optim_terms,occupancy_model_optim_methods,occupancy_model_optim_objectives,occupancy_model_optim_terms,climate_model_optim_methods,climate_model_optim_objectives,climate_model_optim_terms,applications,kpis_all,kpi_primary,kpi_types,energy_waste_mentions,energy_waste_definition_found,energy_waste_sentences,energy_waste_definitions,kpi_tradeoff_groups,kpi_tradeoff_top_group,kpi_tradeoff_kpis_any,data_types,collected_data_resolution,sampling_mentions,model_development,model_inputs,input_resolutions_all,input_resolution_primary,online_learning_any,online_learning_components
10.1016_j.aei.2023.101895.json,,whitebox,,NM,NM,NM,NM,NM,NM,NM,NM,NM,NM,NM,NM,NM,NM,NM,NM,NM,NM,NM,NM,,,,,,False,,,,NM,,,,,,,,,NM,NM
10.1016_j.aei.2023.102239.json,,whitebox,,NM,NM,NM,NM,NM,NM,NM,NM,NM,NM,NM,NM,NM,NM,NM,NM,NM,NM,NM,NM,,,,,,False,,,,NM,,,,,,,,,NM,NM
10.1016_j.aei.2024.102810.json,,whitebox,,NM,NM,NM,NM,NM,NM,NM,NM,NM,NM,NM,NM,NM,NM,NM,NM,NM,NM,NM,NM,,,,,,False,,,,NM,,,,,,,,,NM,NM
10.1016_j.apenergy.2019.113920.json,,whitebox,,NM,NM,NM,NM,NM,NM,NM,NM,NM,NM,NM,NM,NM,NM,NM,NM,NM,NM,NM,NM,,,,,,False,,,,NM,,,,,,,,,NM,NM
10.1016_j.apenergy.2019.114174.json,,whitebox,,NM,NM,NM,NM,NM,NM,NM,NM,NM,NM,NM,NM,NM,NM,NM,NM,NM,NM,NM,NM,,,,,,False,,,,NM,,,,,,,,,NM,NM
10.1016_j.apenergy.2019.114416.json,,whitebox,,NM,NM,NM,NM,NM,NM,NM,NM,NM,NM,NM,NM,NM,NM,NM,NM,NM,NM,NM,NM,,,,,,False,,,,NM,,,,,,,,,NM,NM
10.1016_j.apenergy.2019.114451.json,,whitebox,,NM,NM,NM,NM,NM,NM,NM,NM,NM,NM,NM,NM,NM,NM,NM,NM,NM,NM,NM,NM,,,,,,False,,,,NM,,,,,,,,,NM,NM
10.1016_j.apenergy.2020.114638.json,,whitebox,,NM,NM,NM,NM,NM,NM,NM,NM,NM,NM,NM,NM,NM,NM,NM,NM,NM,NM,NM,NM,,,,,,False,,,,NM,,,,,,,,,NM,NM
10.1016_j.apenergy.2020.114734.json,,whitebox,,NM,NM,NM,NM,NM,NM,NM,NM,NM,NM,NM,NM,NM,NM,NM,NM,NM,NM,NM,NM,,,,,,False,,,,NM,,,,,,,,,NM,NM
10.1016_j.apenergy.2020.114882.json,,whitebox,,NM,NM,NM,NM,NM,NM,NM,NM,NM,NM,NM,NM,NM,NM,NM,NM,NM,NM,NM,NM,,,,,,False,,,,NM,,,,,,,,,NM,NM
10.1016_j.apenergy.2020.115036.json,,whitebox,,NM,NM,NM,NM,NM,NM,NM,NM,NM,NM,NM,NM,NM,NM,NM,NM,NM,NM,NM,NM,,,,,,False,,,,NM,,,,,,,,,NM,NM
10.1016_j.apenergy.2020.115147.json,,whitebox,,NM,NM,NM,NM,NM,NM,NM,NM,NM,NM,NM,NM,NM,NM,NM,NM,NM,NM,NM,NM,,,,,,False,,,,NM,,,,,,,,,NM,NM
10.1016_j.apenergy.2020.115322.json,,whitebox,,NM,NM,NM,NM,NM,NM,NM,NM,NM,NM,NM,NM,NM,NM,NM,NM,NM,NM,NM,NM,,,,,,False,,,,NM,,,,,,,,,NM,NM
10.1016_j.apenergy.2020.115324.json,,whitebox,,NM,NM,NM,NM,NM,NM,NM,NM,NM,NM,NM,NM,NM,NM,NM,NM,NM,NM,NM,NM,,,,,,False,,,,NM,,,,,,,,,NM,NM
10.1016_j.apenergy.2020.115371.json,,whitebox,,NM,NM,NM,NM,NM,NM,NM,NM,NM,NM,NM,NM,NM,NM,NM,NM,NM,NM,NM,NM,,,,,,False,,,,NM,,,,,,,,,NM,NM
10.1016_j.apenergy.2020.115426.json,,whitebox,,NM,NM,NM,NM,NM,NM,NM,NM,NM,NM,NM,NM,NM,NM,NM,NM,NM,NM,NM,NM,,,,,,False,,,,NM,,,,,,,,,NM,NM
10.1016_j.apenergy.2020.115427.json,,whitebox,,NM,NM,NM,NM,NM,NM,NM,NM,NM,NM,NM,NM,NM,NM,NM,NM,NM,NM,NM,NM,,,,,,False,,,,NM,,,,,,,,,NM,NM
10.1016_j.apenergy.2020.115451.json,,whitebox,,NM,NM,NM,NM,NM,NM,NM,NM,NM,NM,NM,NM,NM,NM,NM,NM,NM,NM,NM,NM,,,,,,False,,,,NM,,,,,,,,,NM,NM
10.1016_j.apenergy.2020.115543.json,,whitebox,,NM,NM,NM,NM,NM,NM,NM,NM,NM,NM,NM,NM,NM,NM,NM,NM,NM,NM,NM,NM,,,,,,False,,,,NM,,,,,,,,,NM,NM
10.1016_j.apenergy.2020.115732.json,,whitebox,,NM,NM,NM,NM,NM,NM,NM,NM,NM,NM,NM,NM,NM,NM,NM,NM,NM,NM,NM,NM,,,,,,False,,,,NM,,,,,,,,,NM,NM
10.1016_j.apenergy.2020.115765.json,,whitebox,,NM,NM,NM,NM,NM,NM,NM,NM,NM,NM,NM,NM,NM,NM,NM,NM,NM,NM,NM,NM,,,,,,False,,,,NM,,,,,,,,,NM,NM
10.1016_j.apenergy.2020.116096.json,,whitebox,,NM,NM,NM,NM,NM,NM,NM,NM,NM,NM,NM,NM,NM,NM,NM,NM,NM,NM,NM,NM,,,,,,False,,,,NM,,,,,,,,,NM,NM
10.1016_j.apenergy.2020.116117.json,,whitebox,,NM,NM,NM,NM,NM,NM,NM,NM,NM,NM,NM,NM,NM,NM,NM,NM,NM,NM,NM,NM,,,,,,False,,,,NM,,,,,,,,,NM,NM
10.1016_j.apenergy.2020.116418.json,,whitebox,,NM,NM,NM,NM,NM,NM,NM,NM,NM,NM,NM,NM,NM,NM,NM,NM,NM,NM,NM,NM,,,,,,False,,,,NM,,,,,,,,,NM,NM
10.1016_j.apenergy.2021.116605.json,,whitebox,,NM,NM,NM,NM,NM,NM,NM,NM,NM,NM,NM,NM,NM,NM,NM,NM,NM,NM,NM,NM,,,,,,False,,,,NM,,,,,,,,,NM,NM
10.1016_j.apenergy.2021.116616.json,,whitebox,,NM,NM,NM,NM,NM,NM,NM,NM,NM,NM,NM,NM,NM,NM,NM,NM,NM,NM,NM,NM,,,,,,False,,,,NM,,,,,,,,,NM,NM
10.1016_j.apenergy.2021.116648.json,,whitebox,,NM,NM,NM,NM,NM,NM,NM,NM,NM,NM,NM,NM,NM,NM,NM,NM,NM,NM,NM,NM,,,,,,False,,,,NM,,,,,,,,,NM,NM
10.1016_j.apenergy.2021.116904.json,,whitebox,,NM,NM,NM,NM,NM,NM,NM,NM,NM,NM,NM,NM,NM,NM,NM,NM,NM,NM,NM,NM,,,,,,False,,,,NM,,,,,,,,,NM,NM
10.1016_j.apenergy.2021.116954.json,,whitebox,,NM,NM,NM,NM,NM,NM,NM,NM,NM,NM,NM,NM,NM,NM,NM,NM,NM,NM,NM,NM,,,,,,False,,,,NM,,,,,,,,,NM,NM
10.1016_j.apenergy.2021.117227.json,,whitebox,,NM,NM,NM,NM,NM,NM,NM,NM,NM,NM,NM,NM,NM,NM,NM,NM,NM,NM,NM,NM,,,,,,False,,,,NM,,,,,,,,,NM,NM
10.1016_j.apenergy.2021.117276.json,,whitebox,,NM,NM,NM,NM,NM,NM,NM,NM,NM,NM,NM,NM,NM,NM,NM,NM,NM,NM,NM,NM,,,,,,False,,,,NM,,,,,,,,,NM,NM
10.1016_j.apenergy.2021.117429.json,,whitebox,,NM,NM,NM,NM,NM,NM,NM,NM,NM,NM,NM,NM,NM,NM,NM,NM,NM,NM,NM,NM,,,,,,False,,,,NM,,,,,,,,,NM,NM
10.1016_j.apenergy.2021.117516.json,,whitebox,,NM,NM,NM,NM,NM,NM,NM,NM,NM,NM,NM,NM,NM,NM,NM,NM,NM,NM,NM,NM,,,,,,False,,,,NM,,,,,,,,,NM,NM
10.1016_j.apenergy.2021.117821.json,,whitebox,,NM,NM,NM,NM,NM,NM,NM,NM,NM,NM,NM,NM,NM,NM,NM,NM,NM,NM,NM,NM,,,,,,False,,,,NM,,,,,,,,,NM,NM
10.1016_j.apenergy.2021.117971.json,,whitebox,,NM,NM,NM,NM,NM,NM,NM,NM,NM,NM,NM,NM,NM,NM,NM,NM,NM,NM,NM,NM,,,,,,False,,,,NM,,,,,,,,,NM,NM
10.1016_j.apenergy.2021.117987.json,,whitebox,,NM,NM,NM,NM,NM,NM,NM,NM,NM,NM,NM,NM,NM,NM,NM,NM,NM,NM,NM,NM,,,,,,False,,,,NM,,,,,,,,,NM,NM
10.1016_j.apenergy.2021.118041.json,,whitebox,,NM,NM,NM,NM,NM,NM,NM,NM,NM,NM,NM,NM,NM,NM,NM,NM,NM,NM,NM,NM,,,,,,False,,,,NM,,,,,,,,,NM,NM
10.1016_j.apenergy.2021.118088.json,,whitebox,,NM,NM,NM,NM,NM,NM,NM,NM,NM,NM,NM,NM,NM,NM,NM,NM,NM,NM,NM,NM,,,,,,False,,,,NM,,,,,,,,,NM,NM
10.1016_j.apenergy.2021.118346.json,,whitebox,,NM,NM,NM,NM,NM,NM,NM,NM,NM,NM,NM,NM,NM,NM,NM,NM,NM,NM,NM,NM,,,,,,False,,,,NM,,,,,,,,,NM,NM
10.1016_j.apenergy.2021.118361.json,,whitebox,,NM,NM,NM,NM,NM,NM,NM,NM,NM,NM,NM,NM,NM,NM,NM,NM,NM,NM,NM,NM,,,,,,False,,,,NM,,,,,,,,,NM,NM
10.1016_j.apenergy.2021.118362.json,,whitebox,,NM,NM,NM,NM,NM,NM,NM,NM,NM,NM,NM,NM,NM,NM,NM,NM,NM,NM,NM,NM,,,,,,False,,,,NM,,,,,,,,,NM,NM
10.1016_j.apenergy.2021.118372.json,,whitebox,,NM,NM,NM,NM,NM,NM,NM,NM,NM,NM,NM,NM,NM,NM,NM,NM,NM,NM,NM,NM,,,,,,False,,,,NM,,,,,,,,,NM,NM
10.1016_j.apenergy.2021.118445.json,,whitebox,,NM,NM,NM,NM,NM,NM,NM,NM,NM,NM,NM,NM,NM,NM,NM,NM,NM,NM,NM,NM,,,,,,False,,,,NM,,,,,,,,,NM,NM
10.1016_j.apenergy.2022.118578.json,,whitebox,,NM,NM,NM,NM,NM,NM,NM,NM,NM,NM,NM,NM,NM,NM,NM,NM,NM,NM,NM,NM,,,,,,False,,,,NM,,,,,,,,,NM,NM
10.1016_j.apenergy.2022.118833.json,,whitebox,,NM,NM,NM,NM,NM,NM,NM,NM,NM,NM,NM,NM,NM,NM,NM,NM,NM,NM,NM,NM,,,,,,False,,,,NM,,,,,,,,,NM,NM
10.1016_j.apenergy.2022.118852.json,,whitebox,,NM,NM,NM,NM,NM,NM,NM,NM,NM,NM,NM,NM,NM,NM,NM,NM,NM,NM,NM,NM,,,,,,False,,,,NM,,,,,,,,,NM,NM
10.1016_j.apenergy.2022.119082.json,,whitebox,,NM,NM,NM,NM,NM,NM,NM,NM,NM,NM,NM,NM,NM,NM,NM,NM,NM,NM,NM,NM,,,,,,False,,,,NM,,,,,,,,,NM,NM
10.1016_j.apenergy.2022.119104.json,,whitebox,,NM,NM,NM,NM,NM,NM,NM,NM,NM,NM,NM,NM,NM,NM,NM,NM,NM,NM,NM,NM,,,,,,False,,,,NM,,,,,,,,,NM,NM
10.1016_j.apenergy.2022.119142.json,,whitebox,,NM,NM,NM,NM,NM,NM,NM,NM,NM,NM,NM,NM,NM,NM,NM,NM,NM,NM,NM,NM,,,,,,False,,,,NM,,,,,,,,,NM,NM
10.1016_j.apenergy.2022.119153.json,,whitebox,,NM,NM,NM,NM,NM,NM,NM,NM,NM,NM,NM,NM,NM,NM,NM,NM,NM,NM,NM,NM,,,,,,False,,,,NM,,,,,,,,,NM,NM
10.1016_j.apenergy.2022.119298.json,,whitebox,,NM,NM,NM,NM,NM,NM,NM,NM,NM,NM,NM,NM,NM,NM,NM,NM,NM,NM,NM,NM,,,,,,False,,,,NM,,,,,,,,,NM,NM
10.1016_j.apenergy.2022.119377.json,,whitebox,,NM,NM,NM,NM,NM,NM,NM,NM,NM,NM,NM,NM,NM,NM,NM,NM,NM,NM,NM,NM,,,,,,False,,,,NM,,,,,,,,,NM,NM
10.1016_j.apenergy.2022.119521.json,,whitebox,,NM,NM,NM,NM,NM,NM,NM,NM,NM,NM,NM,NM,NM,NM,NM,NM,NM,NM,NM,NM,,,,,,False,,,,NM,,,,,,,,,NM,NM
10.1016_j.apenergy.2022.119526.json,,whitebox,,NM,NM,NM,NM,NM,NM,NM,NM,NM,NM,NM,NM,NM,NM,NM,NM,NM,NM,NM,NM,,,,,,False,,,,NM,,,,,,,,,NM,NM
10.1016_j.apenergy.2022.119580.json,,whitebox,,NM,NM,NM,NM,NM,NM,NM,NM,NM,NM,NM,NM,NM,NM,NM,NM,NM,NM,NM,NM,,,,,,False,,,,NM,,,,,,,,,NM,NM
10.1016_j.apenergy.2022.119591.json,,whitebox,,NM,NM,NM,NM,NM,NM,NM,NM,NM,NM,NM,NM,NM,NM,NM,NM,NM,NM,NM,NM,,,,,,False,,,,NM,,,,,,,,,NM,NM
10.1016_j.apenergy.2022.119742.json,,whitebox,,NM,NM,NM,NM,NM,NM,NM,NM,NM,NM,NM,NM,NM,NM,NM,NM,NM,NM,NM,NM,,,,,,False,,,,NM,,,,,,,,,NM,NM
10.1016_j.apenergy.2022.119752.json,,whitebox,,NM,NM,NM,NM,NM,NM,NM,NM,NM,NM,NM,NM,NM,NM,NM,NM,NM,NM,NM,NM,,,,,,False,,,,NM,,,,,,,,,NM,NM
10.1016_j.apenergy.2022.119796.json,,whitebox,,NM,NM,NM,NM,NM,NM,NM,NM,NM,NM,NM,NM,NM,NM,NM,NM,NM,NM,NM,NM,,,,,,False,,,,NM,,,,,,,,,NM,NM
10.1016_j.apenergy.2022.119803.json,,whitebox,,NM,NM,NM,NM,NM,NM,NM,NM,NM,NM,NM,NM,NM,NM,NM,NM,NM,NM,NM,NM,,,,,,False,,,,NM,,,,,,,,,NM,NM
10.1016_j.apenergy.2022.119962.json,,whitebox,,NM,NM,NM,NM,NM,NM,NM,NM,NM,NM,NM,NM,NM,NM,NM,NM,NM,NM,NM,NM,,,,,,False,,,,NM,,,,,,,,,NM,NM
10.1016_j.apenergy.2022.120086.json,,whitebox,,NM,NM,NM,NM,NM,NM,NM,NM,NM,NM,NM,NM,NM,NM,NM,NM,NM,NM,NM,NM,,,,,,False,,,,NM,,,,,,,,,NM,NM
10.1016_j.apenergy.2022.120598.json,,whitebox,,NM,NM,NM,NM,NM,NM,NM,NM,NM,NM,NM,NM,NM,NM,NM,NM,NM,NM,NM,NM,,,,,,False,,,,NM,,,,,,,,,NM,NM
10.1016_j.apenergy.2022.120613.json,,whitebox,,NM,NM,NM,NM,NM,NM,NM,NM,NM,NM,NM,NM,NM,NM,NM,NM,NM,NM,NM,NM,,,,,,False,,,,NM,,,,,,,,,NM,NM
10.1016_j.apenergy.2022.120621.json,,whitebox,,NM,NM,NM,NM,NM,NM,NM,NM,NM,NM,NM,NM,NM,NM,NM,NM,NM,NM,NM,NM,,,,,,False,,,,NM,,,,,,,,,NM,NM
10.1016_j.apenergy.2022.120622.json,,whitebox,,NM,NM,NM,NM,NM,NM,NM,NM,NM,NM,NM,NM,NM,NM,NM,NM,NM,NM,NM,NM,,,,,,False,,,,NM,,,,,,,,,NM,NM
10.1016_j.apenergy.2023.120650.json,,whitebox,,NM,NM,NM,NM,NM,NM,NM,NM,NM,NM,NM,NM,NM,NM,NM,NM,NM,NM,NM,NM,,,,,,False,,,,NM,,,,,,,,,NM,NM
10.1016_j.apenergy.2023.120676.json,,whitebox,,NM,NM,NM,NM,NM,NM,NM,NM,NM,NM,NM,NM,NM,NM,NM,NM,NM,NM,NM,NM,,,,,,False,,,,NM,,,,,,,,,NM,NM
10.1016_j.apenergy.2023.120936.json,,whitebox,,NM,NM,NM,NM,NM,NM,NM,NM,NM,NM,NM,NM,NM,NM,NM,NM,NM,NM,NM,NM,,,,,,False,,,,NM,,,,,,,,,NM,NM
10.1016_j.apenergy.2023.121106.json,,whitebox,,NM,NM,NM,NM,NM,NM,NM,NM,NM,NM,NM,NM,NM,NM,NM,NM,NM,NM,NM,NM,,,,,,False,,,,NM,,,,,,,,,NM,NM
10.1016_j.apenergy.2023.121165.json,,whitebox,,NM,NM,NM,NM,NM,NM,NM,NM,NM,NM,NM,NM,NM,NM,NM,NM,NM,NM,NM,NM,,,,,,False,,,,NM,,,,,,,,,NM,NM
10.1016_j.apenergy.2023.121364.json,,whitebox,,NM,NM,NM,NM,NM,NM,NM,NM,NM,NM,NM,NM,NM,NM,NM,NM,NM,NM,NM,NM,,,,,,False,,,,NM,,,,,,,,,NM,NM
10.1016_j.apenergy.2023.121454.json,,whitebox,,NM,NM,NM,NM,NM,NM,NM,NM,NM,NM,NM,NM,NM,NM,NM,NM,NM,NM,NM,NM,,,,,,False,,,,NM,,,,,,,,,NM,NM
10.1016_j.apenergy.2023.121502.json,,whitebox,,NM,NM,NM,NM,NM,NM,NM,NM,NM,NM,NM,NM,NM,NM,NM,NM,NM,NM,NM,NM,,,,,,False,,,,NM,,,,,,,,,NM,NM
10.1016_j.apenergy.2023.121921.json,,whitebox,,NM,NM,NM,NM,NM,NM,NM,NM,NM,NM,NM,NM,NM,NM,NM,NM,NM,NM,NM,NM,,,,,,False,,,,NM,,,,,,,,,NM,NM
10.1016_j.apenergy.2023.122101.json,,whitebox,,NM,NM,NM,NM,NM,NM,NM,NM,NM,NM,NM,NM,NM,NM,NM,NM,NM,NM,NM,NM,,,,,,False,,,,NM,,,,,,,,,NM,NM
10.1016_j.apenergy.2023.122354.json,,whitebox,,NM,NM,NM,NM,NM,NM,NM,NM,NM,NM,NM,NM,NM,NM,NM,NM,NM,NM,NM,NM,,,,,,False,,,,NM,,,,,,,,,NM,NM
10.1016_j.apenergy.2023.122357.json,,whitebox,,NM,NM,NM,NM,NM,NM,NM,NM,NM,NM,NM,NM,NM,NM,NM,NM,NM,NM,NM,NM,,,,,,False,,,,NM,,,,,,,,,NM,NM
10.1016_j.apenergy.2023.122430.json,,whitebox,,NM,NM,NM,NM,NM,NM,NM,NM,NM,NM,NM,NM,NM,NM,NM,NM,NM,NM,NM,NM,,,,,,False,,,,NM,,,,,,,,,NM,NM
10.1016_j.apenergy.2023.122456.json,,whitebox,,NM,NM,NM,NM,NM,NM,NM,NM,NM,NM,NM,NM,NM,NM,NM,NM,NM,NM,NM,NM,,,,,,False,,,,NM,,,,,,,,,NM,NM
10.1016_j.apenergy.2023.122493.json,,whitebox,,NM,NM,NM,NM,NM,NM,NM,NM,NM,NM,NM,NM,NM,NM,NM,NM,NM,NM,NM,NM,,,,,,False,,,,NM,,,,,,,,,NM,NM
10.1016_j.apenergy.2024.122627.json,,whitebox,,NM,NM,NM,NM,NM,NM,NM,NM,NM,NM,NM,NM,NM,NM,NM,NM,NM,NM,NM,NM,,,,,,False,,,,NM,,,,,,,,,NM,NM
10.1016_j.apenergy.2024.122820.json,,whitebox,,NM,NM,NM,NM,NM,NM,NM,NM,NM,NM,NM,NM,NM,NM,NM,NM,NM,NM,NM,NM,,,,,,False,,,,NM,,,,,,,,,NM,NM
10.1016_j.apenergy.2024.122943.json,,whitebox,,NM,NM,NM,NM,NM,NM,NM,NM,NM,NM,NM,NM,NM,NM,NM,NM,NM,NM,NM,NM,,,,,,False,,,,NM,,,,,,,,,NM,NM
10.1016_j.apenergy.2024.123433.json,,whitebox,,NM,NM,NM,NM,NM,NM,NM,NM,NM,NM,NM,NM,NM,NM,NM,NM,NM,NM,NM,NM,,,,,,False,,,,NM,,,,,,,,,NM,NM
10.1016_j.apenergy.2024.123447.json,,whitebox,,NM,NM,NM,NM,NM,NM,NM,NM,NM,NM,NM,NM,NM,NM,NM,NM,NM,NM,NM,NM,,,,,,False,,,,NM,,,,,,,,,NM,NM
10.1016_j.apenergy.2024.123477.json,,whitebox,,NM,NM,NM,NM,NM,NM,NM,NM,NM,NM,NM,NM,NM,NM,NM,NM,NM,NM,NM,NM,,,,,,False,,,,NM,,,,,,,,,NM,NM
10.1016_j.apenergy.2024.123581.json,,whitebox,,NM,NM,NM,NM,NM,NM,NM,NM,NM,NM,NM,NM,NM,NM,NM,NM,NM,NM,NM,NM,,,,,,False,,,,NM,,,,,,,,,NM,NM
10.1016_j.apenergy.2024.123753.json,,whitebox,,NM,NM,NM,NM,NM,NM,NM,NM,NM,NM,NM,NM,NM,NM,NM,NM,NM,NM,NM,NM,,,,,,False,,,,NM,,,,,,,,,NM,NM
10.1016_j.apenergy.2024.123780.json,,whitebox,,NM,NM,NM,NM,NM,NM,NM,NM,NM,NM,NM,NM,NM,NM,NM,NM,NM,NM,NM,NM,,,,,,False,,,,NM,,,,,,,,,NM,NM
10.1016_j.apenergy.2024.123940.json,,whitebox,,NM,NM,NM,NM,NM,NM,NM,NM,NM,NM,NM,NM,NM,NM,NM,NM,NM,NM,NM,NM,,,,,,False,,,,NM,,,,,,,,,NM,NM
10.1016_j.apenergy.2024.123968.json,,whitebox,,NM,NM,NM,NM,NM,NM,NM,NM,NM,NM,NM,NM,NM,NM,NM,NM,NM,NM,NM,NM,,,,,,False,,,,NM,,,,,,,,,NM,NM
10.1016_j.apenergy.2024.123969.json,,whitebox,,NM,NM,NM,NM,NM,NM,NM,NM,NM,NM,NM,NM,NM,NM,NM,NM,NM,NM,NM,NM,,,,,,False,,,,NM,,,,,,,,,NM,NM
10.1016_j.apenergy.2024.124003.json,,whitebox,,NM,NM,NM,NM,NM,NM,NM,NM,NM,NM,NM,NM,NM,NM,NM,NM,NM,NM,NM,NM,,,,,,False,,,,NM,,,,,,,,,NM,NM
10.1016_j.apenergy.2024.124004.json,,whitebox,,NM,NM,NM,NM,NM,NM,NM,NM,NM,NM,NM,NM,NM,NM,NM,NM,NM,NM,NM,NM,,,,,,False,,,,NM,,,,,,,,,NM,NM
10.1016_j.apenergy.2024.124224.json,,whitebox,,NM,NM,NM,NM,NM,NM,NM,NM,NM,NM,NM,NM,NM,NM,NM,NM,NM,NM,NM,NM,,,,,,False,,,,NM,,,,,,,,,NM,NM
10.1016_j.applthermaleng.2020.115499.json,,whitebox,,NM,NM,NM,NM,NM,NM,NM,NM,NM,NM,NM,NM,NM,NM,NM,NM,NM,NM,NM,NM,,,,,,False,,,,NM,,,,,,,,,NM,NM
10.1016_j.applthermaleng.2020.115787.json,,whitebox,,NM,NM,NM,NM,NM,NM,NM,NM,NM,NM,NM,NM,NM,NM,NM,NM,NM,NM,NM,NM,,,,,,False,,,,NM,,,,,,,,,NM,NM
10.1016_j.applthermaleng.2021.117415.json,,whitebox,,NM,NM,NM,NM,NM,NM,NM,NM,NM,NM,NM,NM,NM,NM,NM,NM,NM,NM,NM,NM,,,,,,False,,,,NM,,,,,,,,,NM,NM
10.1016_j.applthermaleng.2022.118552.json,,whitebox,,NM,NM,NM,NM,NM,NM,NM,NM,NM,NM,NM,NM,NM,NM,NM,NM,NM,NM,NM,NM,,,,,,False,,,,NM,,,,,,,,,NM,NM
10.1016_j.applthermaleng.2022.119534.json,,whitebox,,NM,NM,NM,NM,NM,NM,NM,NM,NM,NM,NM,NM,NM,NM,NM,NM,NM,NM,NM,NM,,,,,,False,,,,NM,,,,,,,,,NM,NM
10.1016_j.applthermaleng.2023.120024.json,,whitebox,,NM,NM,NM,NM,NM,NM,NM,NM,NM,NM,NM,NM,NM,NM,NM,NM,NM,NM,NM,NM,,,,,,False,,,,NM,,,,,,,,,NM,NM
10.1016_j.applthermaleng.2023.120430.json,,whitebox,,NM,NM,NM,NM,NM,NM,NM,NM,NM,NM,NM,NM,NM,NM,NM,NM,NM,NM,NM,NM,,,,,,False,,,,NM,,,,,,,,,NM,NM
10.1016_j.applthermaleng.2023.122098.json,,whitebox,,NM,NM,NM,NM,NM,NM,NM,NM,NM,NM,NM,NM,NM,NM,NM,NM,NM,NM,NM,NM,,,,,,False,,,,NM,,,,,,,,,NM,NM
10.1016_j.applthermaleng.2023.122158.json,,whitebox,,NM,NM,NM,NM,NM,NM,NM,NM,NM,NM,NM,NM,NM,NM,NM,NM,NM,NM,NM,NM,,,,,,False,,,,NM,,,,,,,,,NM,NM
10.1016_j.applthermaleng.2024.123009.json,,whitebox,,NM,NM,NM,NM,NM,NM,NM,NM,NM,NM,NM,NM,NM,NM,NM,NM,NM,NM,NM,NM,,,,,,False,,,,NM,,,,,,,,,NM,NM
10.1016_j.applthermaleng.2024.123245.json,,whitebox,,NM,NM,NM,NM,NM,NM,NM,NM,NM,NM,NM,NM,NM,NM,NM,NM,NM,NM,NM,NM,,,,,,False,,,,NM,,,,,,,,,NM,NM
10.1016_j.applthermaleng.2024.123863.json,,whitebox,,NM,NM,NM,NM,NM,NM,NM,NM,NM,NM,NM,NM,NM,NM,NM,NM,NM,NM,NM,NM,,,,,,False,,,,NM,,,,,,,,,NM,NM
10.1016_j.autcon.2020.103277.json,,whitebox,,NM,NM,NM,NM,NM,NM,NM,NM,NM,NM,NM,NM,NM,NM,NM,NM,NM,NM,NM,NM,,,,,,False,,,,NM,,,,,,,,,NM,NM
10.1016_j.autcon.2020.103344.json,,whitebox,,NM,NM,NM,NM,NM,NM,NM,NM,NM,NM,NM,NM,NM,NM,NM,NM,NM,NM,NM,NM,,,,,,False,,,,NM,,,,,,,,,NM,NM
10.1016_j.autcon.2021.103900.json,,whitebox,,NM,NM,NM,NM,NM,NM,NM,NM,NM,NM,NM,NM,NM,NM,NM,NM,NM,NM,NM,NM,,,,,,False,,,,NM,,,,,,,,,NM,NM
10.1016_j.autcon.2022.104128.json,,whitebox,,NM,NM,NM,NM,NM,NM,NM,NM,NM,NM,NM,NM,NM,NM,NM,NM,NM,NM,NM,NM,,,,,,False,,,,NM,,,,,,,,,NM,NM
10.1016_j.autcon.2022.104695.json,,whitebox,,NM,NM,NM,NM,NM,NM,NM,NM,NM,NM,NM,NM,NM,NM,NM,NM,NM,NM,NM,NM,,,,,,False,,,,NM,,,,,,,,,NM,NM
10.1016_j.autcon.2023.105261.json,,whitebox,,NM,NM,NM,NM,NM,NM,NM,NM,NM,NM,NM,NM,NM,NM,NM,NM,NM,NM,NM,NM,,,,,,False,,,,NM,,,,,,,,,NM,NM
10.1016_j.autcon.2024.105823.json,,whitebox,,NM,NM,NM,NM,NM,NM,NM,NM,NM,NM,NM,NM,NM,NM,NM,NM,NM,NM,NM,NM,,,,,,False,,,,NM,,,,,,,,,NM,NM
10.1016_j.buildenv.2019.106444.json,,whitebox,,NM,NM,NM,NM,NM,NM,NM,NM,NM,NM,NM,NM,NM,NM,NM,NM,NM,NM,NM,NM,,,,,,False,,,,NM,,,,,,,,,NM,NM
10.1016_j.buildenv.2019.106505.json,,whitebox,,NM,NM,NM,NM,NM,NM,NM,NM,NM,NM,NM,NM,NM,NM,NM,NM,NM,NM,NM,NM,,,,,,False,,,,NM,,,,,,,,,NM,NM
10.1016_j.buildenv.2019.106535.json,,whitebox,,NM,NM,NM,NM,NM,NM,NM,NM,NM,NM,NM,NM,NM,NM,NM,NM,NM,NM,NM,NM,,,,,,False,,,,NM,,,,,,,,,NM,NM
10.1016_j.buildenv.2019.106570.json,,whitebox,,NM,NM,NM,NM,NM,NM,NM,NM,NM,NM,NM,NM,NM,NM,NM,NM,NM,NM,NM,NM,,,,,,False,,,,NM,,,,,,,,,NM,NM
10.1016_j.buildenv.2020.106741.json,,whitebox,,NM,NM,NM,NM,NM,NM,NM,NM,NM,NM,NM,NM,NM,NM,NM,NM,NM,NM,NM,NM,,,,,,False,,,,NM,,,,,,,,,NM,NM
10.1016_j.buildenv.2020.106818.json,,whitebox,,NM,NM,NM,NM,NM,NM,NM,NM,NM,NM,NM,NM,NM,NM,NM,NM,NM,NM,NM,NM,,,,,,False,,,,NM,,,,,,,,,NM,NM
10.1016_j.buildenv.2020.107018.json,,whitebox,,NM,NM,NM,NM,NM,NM,NM,NM,NM,NM,NM,NM,NM,NM,NM,NM,NM,NM,NM,NM,,,,,,False,,,,NM,,,,,,,,,NM,NM
10.1016_j.buildenv.2020.107089.json,,whitebox,,NM,NM,NM,NM,NM,NM,NM,NM,NM,NM,NM,NM,NM,NM,NM,NM,NM,NM,NM,NM,,,,,,False,,,,NM,,,,,,,,,NM,NM
10.1016_j.buildenv.2020.107190.json,,whitebox,,NM,NM,NM,NM,NM,NM,NM,NM,NM,NM,NM,NM,NM,NM,NM,NM,NM,NM,NM,NM,,,,,,False,,,,NM,,,,,,,,,NM,NM
10.1016_j.buildenv.2020.107338.json,,whitebox,,NM,NM,NM,NM,NM,NM,NM,NM,NM,NM,NM,NM,NM,NM,NM,NM,NM,NM,NM,NM,,,,,,False,,,,NM,,,,,,,,,NM,NM
10.1016_j.buildenv.2020.107432.json,,whitebox,,NM,NM,NM,NM,NM,NM,NM,NM,NM,NM,NM,NM,NM,NM,NM,NM,NM,NM,NM,NM,,,,,,False,,,,NM,,,,,,,,,NM,NM
10.1016_j.buildenv.2020.107513.json,,whitebox,,NM,NM,NM,NM,NM,NM,NM,NM,NM,NM,NM,NM,NM,NM,NM,NM,NM,NM,NM,NM,,,,,,False,,,,NM,,,,,,,,,NM,NM
10.1016_j.buildenv.2021.107588.json,,whitebox,,NM,NM,NM,NM,NM,NM,NM,NM,NM,NM,NM,NM,NM,NM,NM,NM,NM,NM,NM,NM,,,,,,False,,,,NM,,,,,,,,,NM,NM
10.1016_j.buildenv.2021.107667.json,,whitebox,,NM,NM,NM,NM,NM,NM,NM,NM,NM,NM,NM,NM,NM,NM,NM,NM,NM,NM,NM,NM,,,,,,False,,,,NM,,,,,,,,,NM,NM
10.1016_j.buildenv.2021.107830.json,,whitebox,,NM,NM,NM,NM,NM,NM,NM,NM,NM,NM,NM,NM,NM,NM,NM,NM,NM,NM,NM,NM,,,,,,False,,,,NM,,,,,,,,,NM,NM
10.1016_j.buildenv.2021.108066.json,,whitebox,,NM,NM,NM,NM,NM,NM,NM,NM,NM,NM,NM,NM,NM,NM,NM,NM,NM,NM,NM,NM,,,,,,False,,,,NM,,,,,,,,,NM,NM
10.1016_j.buildenv.2021.108164.json,,whitebox,,NM,NM,NM,NM,NM,NM,NM,NM,NM,NM,NM,NM,NM,NM,NM,NM,NM,NM,NM,NM,,,,,,False,,,,NM,,,,,,,,,NM,NM
10.1016_j.buildenv.2021.108633.json,,whitebox,,NM,NM,NM,NM,NM,NM,NM,NM,NM,NM,NM,NM,NM,NM,NM,NM,NM,NM,NM,NM,,,,,,False,,,,NM,,,,,,,,,NM,NM
10.1016_j.buildenv.2021.108680.json,,whitebox,,NM,NM,NM,NM,NM,NM,NM,NM,NM,NM,NM,NM,NM,NM,NM,NM,NM,NM,NM,NM,,,,,,False,,,,NM,,,,,,,,,NM,NM
10.1016_j.buildenv.2021.108704.json,,whitebox,,NM,NM,NM,NM,NM,NM,NM,NM,NM,NM,NM,NM,NM,NM,NM,NM,NM,NM,NM,NM,,,,,,False,,,,NM,,,,,,,,,NM,NM
10.1016_j.buildenv.2021.108737.json,,whitebox,,NM,NM,NM,NM,NM,NM,NM,NM,NM,NM,NM,NM,NM,NM,NM,NM,NM,NM,NM,NM,,,,,,False,,,,NM,,,,,,,,,NM,NM
10.1016_j.buildenv.2022.108760.json,,whitebox,,NM,NM,NM,NM,NM,NM,NM,NM,NM,NM,NM,NM,NM,NM,NM,NM,NM,NM,NM,NM,,,,,,False,,,,NM,,,,,,,,,NM,NM
10.1016_j.buildenv.2022.108938.json,,whitebox,,NM,NM,NM,NM,NM,NM,NM,NM,NM,NM,NM,NM,NM,NM,NM,NM,NM,NM,NM,NM,,,,,,False,,,,NM,,,,,,,,,NM,NM
10.1016_j.buildenv.2022.109053.json,,whitebox,,NM,NM,NM,NM,NM,NM,NM,NM,NM,NM,NM,NM,NM,NM,NM,NM,NM,NM,NM,NM,,,,,,False,,,,NM,,,,,,,,,NM,NM
10.1016_j.buildenv.2022.109237.json,,whitebox,,NM,NM,NM,NM,NM,NM,NM,NM,NM,NM,NM,NM,NM,NM,NM,NM,NM,NM,NM,NM,,,,,,False,,,,NM,,,,,,,,,NM,NM
10.1016_j.buildenv.2022.109322.json,,whitebox,,NM,NM,NM,NM,NM,NM,NM,NM,NM,NM,NM,NM,NM,NM,NM,NM,NM,NM,NM,NM,,,,,,False,,,,NM,,,,,,,,,NM,NM
10.1016_j.buildenv.2022.109344.json,,whitebox,,NM,NM,NM,NM,NM,NM,NM,NM,NM,NM,NM,NM,NM,NM,NM,NM,NM,NM,NM,NM,,,,,,False,,,,NM,,,,,,,,,NM,NM
10.1016_j.buildenv.2022.109372.json,,whitebox,,NM,NM,NM,NM,NM,NM,NM,NM,NM,NM,NM,NM,NM,NM,NM,NM,NM,NM,NM,NM,,,,,,False,,,,NM,,,,,,,,,NM,NM
10.1016_j.buildenv.2022.109438.json,,whitebox,,NM,NM,NM,NM,NM,NM,NM,NM,NM,NM,NM,NM,NM,NM,NM,NM,NM,NM,NM,NM,,,,,,False,,,,NM,,,,,,,,,NM,NM
10.1016_j.buildenv.2022.109458.json,,whitebox,,NM,NM,NM,NM,NM,NM,NM,NM,NM,NM,NM,NM,NM,NM,NM,NM,NM,NM,NM,NM,,,,,,False,,,,NM,,,,,,,,,NM,NM
10.1016_j.buildenv.2022.109638.json,,whitebox,,NM,NM,NM,NM,NM,NM,NM,NM,NM,NM,NM,NM,NM,NM,NM,NM,NM,NM,NM,NM,,,,,,False,,,,NM,,,,,,,,,NM,NM
10.1016_j.buildenv.2022.109747.json,,whitebox,,NM,NM,NM,NM,NM,NM,NM,NM,NM,NM,NM,NM,NM,NM,NM,NM,NM,NM,NM,NM,,,,,,False,,,,NM,,,,,,,,,NM,NM
10.1016_j.buildenv.2022.109806.json,,whitebox,,NM,NM,NM,NM,NM,NM,NM,NM,NM,NM,NM,NM,NM,NM,NM,NM,NM,NM,NM,NM,,,,,,False,,,,NM,,,,,,,,,NM,NM
10.1016_j.buildenv.2023.110101.json,,whitebox,,NM,NM,NM,NM,NM,NM,NM,NM,NM,NM,NM,NM,NM,NM,NM,NM,NM,NM,NM,NM,,,,,,False,,,,NM,,,,,,,,,NM,NM
10.1016_j.buildenv.2023.110149.json,,whitebox,,NM,NM,NM,NM,NM,NM,NM,NM,NM,NM,NM,NM,NM,NM,NM,NM,NM,NM,NM,NM,,,,,,False,,,,NM,,,,,,,,,NM,NM
10.1016_j.buildenv.2023.110350.json,,whitebox,,NM,NM,NM,NM,NM,NM,NM,NM,NM,NM,NM,NM,NM,NM,NM,NM,NM,NM,NM,NM,,,,,,False,,,,NM,,,,,,,,,NM,NM
10.1016_j.buildenv.2023.110467.json,,whitebox,,NM,NM,NM,NM,NM,NM,NM,NM,NM,NM,NM,NM,NM,NM,NM,NM,NM,NM,NM,NM,,,,,,False,,,,NM,,,,,,,,,NM,NM
10.1016_j.buildenv.2023.110519.json,,whitebox,,NM,NM,NM,NM,NM,NM,NM,NM,NM,NM,NM,NM,NM,NM,NM,NM,NM,NM,NM,NM,,,,,,False,,,,NM,,,,,,,,,NM,NM
10.1016_j.buildenv.2023.110546.json,,whitebox,,NM,NM,NM,NM,NM,NM,NM,NM,NM,NM,NM,NM,NM,NM,NM,NM,NM,NM,NM,NM,,,,,,False,,,,NM,,,,,,,,,NM,NM
10.1016_j.buildenv.2023.110595.json,,whitebox,,NM,NM,NM,NM,NM,NM,NM,NM,NM,NM,NM,NM,NM,NM,NM,NM,NM,NM,NM,NM,,,,,,False,,,,NM,,,,,,,,,NM,NM
10.1016_j.buildenv.2023.110600.json,,whitebox,,NM,NM,NM,NM,NM,NM,NM,NM,NM,NM,NM,NM,NM,NM,NM,NM,NM,NM,NM,NM,,,,,,False,,,,NM,,,,,,,,,NM,NM
10.1016_j.buildenv.2023.110663.json,,whitebox,,NM,NM,NM,NM,NM,NM,NM,NM,NM,NM,NM,NM,NM,NM,NM,NM,NM,NM,NM,NM,,,,,,False,,,,NM,,,,,,,,,NM,NM
10.1016_j.buildenv.2023.110676.json,,whitebox,,NM,NM,NM,NM,NM,NM,NM,NM,NM,NM,NM,NM,NM,NM,NM,NM,NM,NM,NM,NM,,,,,,False,,,,NM,,,,,,,,,NM,NM
10.1016_j.buildenv.2023.110893.json,,whitebox,,NM,NM,NM,NM,NM,NM,NM,NM,NM,NM,NM,NM,NM,NM,NM,NM,NM,NM,NM,NM,,,,,,False,,,,NM,,,,,,,,,NM,NM
10.1016_j.buildenv.2023.111069.json,,whitebox,,NM,NM,NM,NM,NM,NM,NM,NM,NM,NM,NM,NM,NM,NM,NM,NM,NM,NM,NM,NM,,,,,,False,,,,NM,,,,,,,,,NM,NM
10.1016_j.buildenv.2023.111073.json,,whitebox,,NM,NM,NM,NM,NM,NM,NM,NM,NM,NM,NM,NM,NM,NM,NM,NM,NM,NM,NM,NM,,,,,,False,,,,NM,,,,,,,,,NM,NM
10.1016_j.buildenv.2024.111464.json,,whitebox,,NM,NM,NM,NM,NM,NM,NM,NM,NM,NM,NM,NM,NM,NM,NM,NM,NM,NM,NM,NM,,,,,,False,,,,NM,,,,,,,,,NM,NM
10.1016_j.buildenv.2024.111584.json,,whitebox,,NM,NM,NM,NM,NM,NM,NM,NM,NM,NM,NM,NM,NM,NM,NM,NM,NM,NM,NM,NM,,,,,,False,,,,NM,,,,,,,,,NM,NM
10.1016_j.buildenv.2024.111684.json,,whitebox,,NM,NM,NM,NM,NM,NM,NM,NM,NM,NM,NM,NM,NM,NM,NM,NM,NM,NM,NM,NM,,,,,,False,,,,NM,,,,,,,,,NM,NM
10.1016_j.buildenv.2024.111856.json,,whitebox,,NM,NM,NM,NM,NM,NM,NM,NM,NM,NM,NM,NM,NM,NM,NM,NM,NM,NM,NM,NM,,,,,,False,,,,NM,,,,,,,,,NM,NM
10.1016_j.buildenv.2024.111864.json,,whitebox,,NM,NM,NM,NM,NM,NM,NM,NM,NM,NM,NM,NM,NM,NM,NM,NM,NM,NM,NM,NM,,,,,,False,,,,NM,,,,,,,,,NM,NM
10.1016_j.buildenv.2024.111882.json,,whitebox,,NM,NM,NM,NM,NM,NM,NM,NM,NM,NM,NM,NM,NM,NM,NM,NM,NM,NM,NM,NM,,,,,,False,,,,NM,,,,,,,,,NM,NM
10.1016_j.enbenv.2023.07.001.json,,whitebox,,NM,NM,NM,NM,NM,NM,NM,NM,NM,NM,NM,NM,NM,NM,NM,NM,NM,NM,NM,NM,,,,,,False,,,,NM,,,,,,,,,NM,NM
10.1016_j.enbuild.2019.109542.json,,whitebox,,NM,NM,NM,NM,NM,NM,NM,NM,NM,NM,NM,NM,NM,NM,NM,NM,NM,NM,NM,NM,,,,,,False,,,,NM,,,,,,,,,NM,NM
10.1016_j.enbuild.2019.109563.json,,whitebox,,NM,NM,NM,NM,NM,NM,NM,NM,NM,NM,NM,NM,NM,NM,NM,NM,NM,NM,NM,NM,,,,,,False,,,,NM,,,,,,,,,NM,NM
10.1016_j.enbuild.2019.109604.json,,whitebox,,NM,NM,NM,NM,NM,NM,NM,NM,NM,NM,NM,NM,NM,NM,NM,NM,NM,NM,NM,NM,,,,,,False,,,,NM,,,,,,,,,NM,NM
10.1016_j.enbuild.2019.109677.json,,whitebox,,NM,NM,NM,NM,NM,NM,NM,NM,NM,NM,NM,NM,NM,NM,NM,NM,NM,NM,NM,NM,,,,,,False,,,,NM,,,,,,,,,NM,NM
10.1016_j.enbuild.2019.109689.json,,whitebox,,NM,NM,NM,NM,NM,NM,NM,NM,NM,NM,NM,NM,NM,NM,NM,NM,NM,NM,NM,NM,,,,,,False,,,,NM,,,,,,,,,NM,NM
10.1016_j.enbuild.2019.109737.json,,whitebox,,NM,NM,NM,NM,NM,NM,NM,NM,NM,NM,NM,NM,NM,NM,NM,NM,NM,NM,NM,NM,,,,,,False,,,,NM,,,,,,,,,NM,NM
10.1016_j.enbuild.2020.109791.json,,whitebox,,NM,NM,NM,NM,NM,NM,NM,NM,NM,NM,NM,NM,NM,NM,NM,NM,NM,NM,NM,NM,,,,,,False,,,,NM,,,,,,,,,NM,NM
10.1016_j.enbuild.2020.109792.json,,whitebox,,NM,NM,NM,NM,NM,NM,NM,NM,NM,NM,NM,NM,NM,NM,NM,NM,NM,NM,NM,NM,,,,,,False,,,,NM,,,,,,,,,NM,NM
10.1016_j.enbuild.2020.109807.json,,whitebox,,NM,NM,NM,NM,NM,NM,NM,NM,NM,NM,NM,NM,NM,NM,NM,NM,NM,NM,NM,NM,,,,,,False,,,,NM,,,,,,,,,NM,NM
10.1016_j.enbuild.2020.109825.json,,whitebox,,NM,NM,NM,NM,NM,NM,NM,NM,NM,NM,NM,NM,NM,NM,NM,NM,NM,NM,NM,NM,,,,,,False,,,,NM,,,,,,,,,NM,NM
10.1016_j.enbuild.2020.109861.json,,whitebox,,NM,NM,NM,NM,NM,NM,NM,NM,NM,NM,NM,NM,NM,NM,NM,NM,NM,NM,NM,NM,,,,,,False,,,,NM,,,,,,,,,NM,NM
10.1016_j.enbuild.2020.109872.json,,whitebox,,NM,NM,NM,NM,NM,NM,NM,NM,NM,NM,NM,NM,NM,NM,NM,NM,NM,NM,NM,NM,,,,,,False,,,,NM,,,,,,,,,NM,NM
10.1016_j.enbuild.2020.110026.json,,whitebox,,NM,NM,NM,NM,NM,NM,NM,NM,NM,NM,NM,NM,NM,NM,NM,NM,NM,NM,NM,NM,,,,,,False,,,,NM,,,,,,,,,NM,NM
10.1016_j.enbuild.2020.110056.json,,whitebox,,NM,NM,NM,NM,NM,NM,NM,NM,NM,NM,NM,NM,NM,NM,NM,NM,NM,NM,NM,NM,,,,,,False,,,,NM,,,,,,,,,NM,NM
10.1016_j.enbuild.2020.110225.json,,whitebox,,NM,NM,NM,NM,NM,NM,NM,NM,NM,NM,NM,NM,NM,NM,NM,NM,NM,NM,NM,NM,,,,,,False,,,,NM,,,,,,,,,NM,NM
10.1016_j.enbuild.2020.110271.json,,whitebox,,NM,NM,NM,NM,NM,NM,NM,NM,NM,NM,NM,NM,NM,NM,NM,NM,NM,NM,NM,NM,,,,,,False,,,,NM,,,,,,,,,NM,NM
10.1016_j.enbuild.2020.110276.json,,whitebox,,NM,NM,NM,NM,NM,NM,NM,NM,NM,NM,NM,NM,NM,NM,NM,NM,NM,NM,NM,NM,,,,,,False,,,,NM,,,,,,,,,NM,NM
10.1016_j.enbuild.2020.110308.json,,whitebox,,NM,NM,NM,NM,NM,NM,NM,NM,NM,NM,NM,NM,NM,NM,NM,NM,NM,NM,NM,NM,,,,,,False,,,,NM,,,,,,,,,NM,NM
10.1016_j.enbuild.2020.110317.json,,whitebox,,NM,NM,NM,NM,NM,NM,NM,NM,NM,NM,NM,NM,NM,NM,NM,NM,NM,NM,NM,NM,,,,,,False,,,,NM,,,,,,,,,NM,NM
10.1016_j.enbuild.2020.110369.json,,whitebox,,NM,NM,NM,NM,NM,NM,NM,NM,NM,NM,NM,NM,NM,NM,NM,NM,NM,NM,NM,NM,,,,,,False,,,,NM,,,,,,,,,NM,NM
10.1016_j.enbuild.2020.110493.json,,whitebox,,NM,NM,NM,NM,NM,NM,NM,NM,NM,NM,NM,NM,NM,NM,NM,NM,NM,NM,NM,NM,,,,,,False,,,,NM,,,,,,,,,NM,NM
10.1016_j.enbuild.2020.110627.json,,whitebox,,NM,NM,NM,NM,NM,NM,NM,NM,NM,NM,NM,NM,NM,NM,NM,NM,NM,NM,NM,NM,,,,,,False,,,,NM,,,,,,,,,NM,NM
10.1016_j.enbuild.2020.110666.json,,whitebox,,NM,NM,NM,NM,NM,NM,NM,NM,NM,NM,NM,NM,NM,NM,NM,NM,NM,NM,NM,NM,,,,,,False,,,,NM,,,,,,,,,NM,NM
10.1016_j.enbuild.2020.110683.json,,whitebox,,NM,NM,NM,NM,NM,NM,NM,NM,NM,NM,NM,NM,NM,NM,NM,NM,NM,NM,NM,NM,,,,,,False,,,,NM,,,,,,,,,NM,NM
10.1016_j.enbuild.2021.110733.json,,whitebox,,NM,NM,NM,NM,NM,NM,NM,NM,NM,NM,NM,NM,NM,NM,NM,NM,NM,NM,NM,NM,,,,,,False,,,,NM,,,,,,,,,NM,NM
10.1016_j.enbuild.2021.110795.json,,whitebox,,NM,NM,NM,NM,NM,NM,NM,NM,NM,NM,NM,NM,NM,NM,NM,NM,NM,NM,NM,NM,,,,,,False,,,,NM,,,,,,,,,NM,NM
10.1016_j.enbuild.2021.110832.json,,whitebox,,NM,NM,NM,NM,NM,NM,NM,NM,NM,NM,NM,NM,NM,NM,NM,NM,NM,NM,NM,NM,,,,,,False,,,,NM,,,,,,,,,NM,NM
10.1016_j.enbuild.2021.110833.json,,whitebox,,NM,NM,NM,NM,NM,NM,NM,NM,NM,NM,NM,NM,NM,NM,NM,NM,NM,NM,NM,NM,,,,,,False,,,,NM,,,,,,,,,NM,NM
10.1016_j.enbuild.2021.110834.json,,whitebox,,NM,NM,NM,NM,NM,NM,NM,NM,NM,NM,NM,NM,NM,NM,NM,NM,NM,NM,NM,NM,,,,,,False,,,,NM,,,,,,,,,NM,NM
10.1016_j.enbuild.2021.110846.json,,whitebox,,NM,NM,NM,NM,NM,NM,NM,NM,NM,NM,NM,NM,NM,NM,NM,NM,NM,NM,NM,NM,,,,,,False,,,,NM,,,,,,,,,NM,NM
10.1016_j.enbuild.2021.110859.json,,whitebox,,NM,NM,NM,NM,NM,NM,NM,NM,NM,NM,NM,NM,NM,NM,NM,NM,NM,NM,NM,NM,,,,,,False,,,,NM,,,,,,,,,NM,NM
10.1016_j.enbuild.2021.110860.json,,whitebox,,NM,NM,NM,NM,NM,NM,NM,NM,NM,NM,NM,NM,NM,NM,NM,NM,NM,NM,NM,NM,,,,,,False,,,,NM,,,,,,,,,NM,NM
10.1016_j.enbuild.2021.110875.json,,whitebox,,NM,NM,NM,NM,NM,NM,NM,NM,NM,NM,NM,NM,NM,NM,NM,NM,NM,NM,NM,NM,,,,,,False,,,,NM,,,,,,,,,NM,NM
10.1016_j.enbuild.2021.110883.json,,whitebox,,NM,NM,NM,NM,NM,NM,NM,NM,NM,NM,NM,NM,NM,NM,NM,NM,NM,NM,NM,NM,,,,,,False,,,,NM,,,,,,,,,NM,NM
10.1016_j.enbuild.2021.110932.json,,whitebox,,NM,NM,NM,NM,NM,NM,NM,NM,NM,NM,NM,NM,NM,NM,NM,NM,NM,NM,NM,NM,,,,,,False,,,,NM,,,,,,,,,NM,NM
10.1016_j.enbuild.2021.110953.json,,whitebox,,NM,NM,NM,NM,NM,NM,NM,NM,NM,NM,NM,NM,NM,NM,NM,NM,NM,NM,NM,NM,,,,,,False,,,,NM,,,,,,,,,NM,NM
10.1016_j.enbuild.2021.110980.json,,whitebox,,NM,NM,NM,NM,NM,NM,NM,NM,NM,NM,NM,NM,NM,NM,NM,NM,NM,NM,NM,NM,,,,,,False,,,,NM,,,,,,,,,NM,NM
10.1016_j.enbuild.2021.111044.json,,whitebox,,NM,NM,NM,NM,NM,NM,NM,NM,NM,NM,NM,NM,NM,NM,NM,NM,NM,NM,NM,NM,,,,,,False,,,,NM,,,,,,,,,NM,NM
10.1016_j.enbuild.2021.111102.json,,whitebox,,NM,NM,NM,NM,NM,NM,NM,NM,NM,NM,NM,NM,NM,NM,NM,NM,NM,NM,NM,NM,,,,,,False,,,,NM,,,,,,,,,NM,NM
10.1016_j.enbuild.2021.111108.json,,whitebox,,NM,NM,NM,NM,NM,NM,NM,NM,NM,NM,NM,NM,NM,NM,NM,NM,NM,NM,NM,NM,,,,,,False,,,,NM,,,,,,,,,NM,NM
10.1016_j.enbuild.2021.111110.json,,whitebox,,NM,NM,NM,NM,NM,NM,NM,NM,NM,NM,NM,NM,NM,NM,NM,NM,NM,NM,NM,NM,,,,,,False,,,,NM,,,,,,,,,NM,NM
10.1016_j.enbuild.2021.111163.json,,whitebox,,NM,NM,NM,NM,NM,NM,NM,NM,NM,NM,NM,NM,NM,NM,NM,NM,NM,NM,NM,NM,,,,,,False,,,,NM,,,,,,,,,NM,NM
10.1016_j.enbuild.2021.111210.json,,whitebox,,NM,NM,NM,NM,NM,NM,NM,NM,NM,NM,NM,NM,NM,NM,NM,NM,NM,NM,NM,NM,,,,,,False,,,,NM,,,,,,,,,NM,NM
10.1016_j.enbuild.2021.111218.json,,whitebox,,NM,NM,NM,NM,NM,NM,NM,NM,NM,NM,NM,NM,NM,NM,NM,NM,NM,NM,NM,NM,,,,,,False,,,,NM,,,,,,,,,NM,NM
10.1016_j.enbuild.2021.111252.json,,whitebox,,NM,NM,NM,NM,NM,NM,NM,NM,NM,NM,NM,NM,NM,NM,NM,NM,NM,NM,NM,NM,,,,,,False,,,,NM,,,,,,,,,NM,NM
10.1016_j.enbuild.2021.111255.json,,whitebox,,NM,NM,NM,NM,NM,NM,NM,NM,NM,NM,NM,NM,NM,NM,NM,NM,NM,NM,NM,NM,,,,,,False,,,,NM,,,,,,,,,NM,NM
10.1016_j.enbuild.2021.111261.json,,whitebox,,NM,NM,NM,NM,NM,NM,NM,NM,NM,NM,NM,NM,NM,NM,NM,NM,NM,NM,NM,NM,,,,,,False,,,,NM,,,,,,,,,NM,NM
10.1016_j.enbuild.2021.111295.json,,whitebox,,NM,NM,NM,NM,NM,NM,NM,NM,NM,NM,NM,NM,NM,NM,NM,NM,NM,NM,NM,NM,,,,,,False,,,,NM,,,,,,,,,NM,NM
10.1016_j.enbuild.2021.111377.json,,whitebox,,NM,NM,NM,NM,NM,NM,NM,NM,NM,NM,NM,NM,NM,NM,NM,NM,NM,NM,NM,NM,,,,,,False,,,,NM,,,,,,,,,NM,NM
10.1016_j.enbuild.2021.111426.json,,whitebox,,NM,NM,NM,NM,NM,NM,NM,NM,NM,NM,NM,NM,NM,NM,NM,NM,NM,NM,NM,NM,,,,,,False,,,,NM,,,,,,,,,NM,NM
10.1016_j.enbuild.2021.111436.json,,whitebox,,NM,NM,NM,NM,NM,NM,NM,NM,NM,NM,NM,NM,NM,NM,NM,NM,NM,NM,NM,NM,,,,,,False,,,,NM,,,,,,,,,NM,NM
10.1016_j.enbuild.2021.111448.json,,whitebox,,NM,NM,NM,NM,NM,NM,NM,NM,NM,NM,NM,NM,NM,NM,NM,NM,NM,NM,NM,NM,,,,,,False,,,,NM,,,,,,,,,NM,NM
10.1016_j.enbuild.2021.111467.json,,whitebox,,NM,NM,NM,NM,NM,NM,NM,NM,NM,NM,NM,NM,NM,NM,NM,NM,NM,NM,NM,NM,,,,,,False,,,,NM,,,,,,,,,NM,NM
10.1016_j.enbuild.2021.111505.json,,whitebox,,NM,NM,NM,NM,NM,NM,NM,NM,NM,NM,NM,NM,NM,NM,NM,NM,NM,NM,NM,NM,,,,,,False,,,,NM,,,,,,,,,NM,NM
10.1016_j.enbuild.2021.111544.json,,whitebox,,NM,NM,NM,NM,NM,NM,NM,NM,NM,NM,NM,NM,NM,NM,NM,NM,NM,NM,NM,NM,,,,,,False,,,,NM,,,,,,,,,NM,NM
10.1016_j.enbuild.2021.111572.json,,whitebox,,NM,NM,NM,NM,NM,NM,NM,NM,NM,NM,NM,NM,NM,NM,NM,NM,NM,NM,NM,NM,,,,,,False,,,,NM,,,,,,,,,NM,NM
10.1016_j.enbuild.2021.111644.json,,whitebox,,NM,NM,NM,NM,NM,NM,NM,NM,NM,NM,NM,NM,NM,NM,NM,NM,NM,NM,NM,NM,,,,,,False,,,,NM,,,,,,,,,NM,NM
10.1016_j.enbuild.2021.111647.json,,whitebox,,NM,NM,NM,NM,NM,NM,NM,NM,NM,NM,NM,NM,NM,NM,NM,NM,NM,NM,NM,NM,,,,,,False,,,,NM,,,,,,,,,NM,NM
10.1016_j.enbuild.2021.111653.json,,whitebox,,NM,NM,NM,NM,NM,NM,NM,NM,NM,NM,NM,NM,NM,NM,NM,NM,NM,NM,NM,NM,,,,,,False,,,,NM,,,,,,,,,NM,NM
10.1016_j.enbuild.2021.111669.json,,whitebox,,NM,NM,NM,NM,NM,NM,NM,NM,NM,NM,NM,NM,NM,NM,NM,NM,NM,NM,NM,NM,,,,,,False,,,,NM,,,,,,,,,NM,NM
10.1016_j.enbuild.2021.111692.json,,whitebox,,NM,NM,NM,NM,NM,NM,NM,NM,NM,NM,NM,NM,NM,NM,NM,NM,NM,NM,NM,NM,,,,,,False,,,,NM,,,,,,,,,NM,NM
10.1016_j.enbuild.2021.111699.json,,whitebox,,NM,NM,NM,NM,NM,NM,NM,NM,NM,NM,NM,NM,NM,NM,NM,NM,NM,NM,NM,NM,,,,,,False,,,,NM,,,,,,,,,NM,NM
10.1016_j.enbuild.2021.111708.json,,whitebox,,NM,NM,NM,NM,NM,NM,NM,NM,NM,NM,NM,NM,NM,NM,NM,NM,NM,NM,NM,NM,,,,,,False,,,,NM,,,,,,,,,NM,NM
10.1016_j.enbuild.2021.111756.json,,whitebox,,NM,NM,NM,NM,NM,NM,NM,NM,NM,NM,NM,NM,NM,NM,NM,NM,NM,NM,NM,NM,,,,,,False,,,,NM,,,,,,,,,NM,NM
10.1016_j.enbuild.2021.111793.json,,whitebox,,NM,NM,NM,NM,NM,NM,NM,NM,NM,NM,NM,NM,NM,NM,NM,NM,NM,NM,NM,NM,,,,,,False,,,,NM,,,,,,,,,NM,NM
10.1016_j.enbuild.2021.111806.json,,whitebox,,NM,NM,NM,NM,NM,NM,NM,NM,NM,NM,NM,NM,NM,NM,NM,NM,NM,NM,NM,NM,,,,,,False,,,,NM,,,,,,,,,NM,NM
10.1016_j.enbuild.2022.111872.json,,whitebox,,NM,NM,NM,NM,NM,NM,NM,NM,NM,NM,NM,NM,NM,NM,NM,NM,NM,NM,NM,NM,,,,,,False,,,,NM,,,,,,,,,NM,NM
10.1016_j.enbuild.2022.111898.json,,whitebox,,NM,NM,NM,NM,NM,NM,NM,NM,NM,NM,NM,NM,NM,NM,NM,NM,NM,NM,NM,NM,,,,,,False,,,,NM,,,,,,,,,NM,NM
10.1016_j.enbuild.2022.111944.json,,whitebox,,NM,NM,NM,NM,NM,NM,NM,NM,NM,NM,NM,NM,NM,NM,NM,NM,NM,NM,NM,NM,,,,,,False,,,,NM,,,,,,,,,NM,NM
10.1016_j.enbuild.2022.111963.json,,whitebox,,NM,NM,NM,NM,NM,NM,NM,NM,NM,NM,NM,NM,NM,NM,NM,NM,NM,NM,NM,NM,,,,,,False,,,,NM,,,,,,,,,NM,NM
10.1016_j.enbuild.2022.112031.json,,whitebox,,NM,NM,NM,NM,NM,NM,NM,NM,NM,NM,NM,NM,NM,NM,NM,NM,NM,NM,NM,NM,,,,,,False,,,,NM,,,,,,,,,NM,NM
10.1016_j.enbuild.2022.112044.json,,whitebox,,NM,NM,NM,NM,NM,NM,NM,NM,NM,NM,NM,NM,NM,NM,NM,NM,NM,NM,NM,NM,,,,,,False,,,,NM,,,,,,,,,NM,NM
10.1016_j.enbuild.2022.112066.json,,whitebox,,NM,NM,NM,NM,NM,NM,NM,NM,NM,NM,NM,NM,NM,NM,NM,NM,NM,NM,NM,NM,,,,,,False,,,,NM,,,,,,,,,NM,NM
10.1016_j.enbuild.2022.112067.json,,whitebox,,NM,NM,NM,NM,NM,NM,NM,NM,NM,NM,NM,NM,NM,NM,NM,NM,NM,NM,NM,NM,,,,,,False,,,,NM,,,,,,,,,NM,NM
10.1016_j.enbuild.2022.112118.json,,whitebox,,NM,NM,NM,NM,NM,NM,NM,NM,NM,NM,NM,NM,NM,NM,NM,NM,NM,NM,NM,NM,,,,,,False,,,,NM,,,,,,,,,NM,NM
10.1016_j.enbuild.2022.112235.json,,whitebox,,NM,NM,NM,NM,NM,NM,NM,NM,NM,NM,NM,NM,NM,NM,NM,NM,NM,NM,NM,NM,,,,,,False,,,,NM,,,,,,,,,NM,NM
10.1016_j.enbuild.2022.112241.json,,whitebox,,NM,NM,NM,NM,NM,NM,NM,NM,NM,NM,NM,NM,NM,NM,NM,NM,NM,NM,NM,NM,,,,,,False,,,,NM,,,,,,,,,NM,NM
10.1016_j.enbuild.2022.112269.json,,whitebox,,NM,NM,NM,NM,NM,NM,NM,NM,NM,NM,NM,NM,NM,NM,NM,NM,NM,NM,NM,NM,,,,,,False,,,,NM,,,,,,,,,NM,NM
10.1016_j.enbuild.2022.112284.json,,whitebox,,NM,NM,NM,NM,NM,NM,NM,NM,NM,NM,NM,NM,NM,NM,NM,NM,NM,NM,NM,NM,,,,,,False,,,,NM,,,,,,,,,NM,NM
10.1016_j.enbuild.2022.112298.json,,whitebox,,NM,NM,NM,NM,NM,NM,NM,NM,NM,NM,NM,NM,NM,NM,NM,NM,NM,NM,NM,NM,,,,,,False,,,,NM,,,,,,,,,NM,NM
10.1016_j.enbuild.2022.112316.json,,whitebox,,NM,NM,NM,NM,NM,NM,NM,NM,NM,NM,NM,NM,NM,NM,NM,NM,NM,NM,NM,NM,,,,,,False,,,,NM,,,,,,,,,NM,NM
10.1016_j.enbuild.2022.112326.json,,whitebox,,NM,NM,NM,NM,NM,NM,NM,NM,NM,NM,NM,NM,NM,NM,NM,NM,NM,NM,NM,NM,,,,,,False,,,,NM,,,,,,,,,NM,NM
10.1016_j.enbuild.2022.112362.json,,whitebox,,NM,NM,NM,NM,NM,NM,NM,NM,NM,NM,NM,NM,NM,NM,NM,NM,NM,NM,NM,NM,,,,,,False,,,,NM,,,,,,,,,NM,NM
10.1016_j.enbuild.2022.112503.json,,whitebox,,NM,NM,NM,NM,NM,NM,NM,NM,NM,NM,NM,NM,NM,NM,NM,NM,NM,NM,NM,NM,,,,,,False,,,,NM,,,,,,,,,NM,NM
10.1016_j.enbuild.2022.112542.json,,whitebox,,NM,NM,NM,NM,NM,NM,NM,NM,NM,NM,NM,NM,NM,NM,NM,NM,NM,NM,NM,NM,,,,,,False,,,,NM,,,,,,,,,NM,NM
10.1016_j.enbuild.2022.112548.json,,whitebox,,NM,NM,NM,NM,NM,NM,NM,NM,NM,NM,NM,NM,NM,NM,NM,NM,NM,NM,NM,NM,,,,,,False,,,,NM,,,,,,,,,NM,NM
10.1016_j.enbuild.2022.112584.json,,whitebox,,NM,NM,NM,NM,NM,NM,NM,NM,NM,NM,NM,NM,NM,NM,NM,NM,NM,NM,NM,NM,,,,,,False,,,,NM,,,,,,,,,NM,NM
10.1016_j.enbuild.2022.112599.json,,whitebox,,NM,NM,NM,NM,NM,NM,NM,NM,NM,NM,NM,NM,NM,NM,NM,NM,NM,NM,NM,NM,,,,,,False,,,,NM,,,,,,,,,NM,NM
10.1016_j.enbuild.2022.112616.json,,whitebox,,NM,NM,NM,NM,NM,NM,NM,NM,NM,NM,NM,NM,NM,NM,NM,NM,NM,NM,NM,NM,,,,,,False,,,,NM,,,,,,,,,NM,NM
10.1016_j.enbuild.2022.112622.json,,whitebox,,NM,NM,NM,NM,NM,NM,NM,NM,NM,NM,NM,NM,NM,NM,NM,NM,NM,NM,NM,NM,,,,,,False,,,,NM,,,,,,,,,NM,NM
10.1016_j.enbuild.2022.112664.json,,whitebox,,NM,NM,NM,NM,NM,NM,NM,NM,NM,NM,NM,NM,NM,NM,NM,NM,NM,NM,NM,NM,,,,,,False,,,,NM,,,,,,,,,NM,NM
10.1016_j.enbuild.2022.112691.json,,whitebox,,NM,NM,NM,NM,NM,NM,NM,NM,NM,NM,NM,NM,NM,NM,NM,NM,NM,NM,NM,NM,,,,,,False,,,,NM,,,,,,,,,NM,NM
10.1016_j.enbuild.2022.112728.json,,whitebox,,NM,NM,NM,NM,NM,NM,NM,NM,NM,NM,NM,NM,NM,NM,NM,NM,NM,NM,NM,NM,,,,,,False,,,,NM,,,,,,,,,NM,NM
10.1016_j.enbuild.2022.112735.json,,whitebox,,NM,NM,NM,NM,NM,NM,NM,NM,NM,NM,NM,NM,NM,NM,NM,NM,NM,NM,NM,NM,,,,,,False,,,,NM,,,,,,,,,NM,NM
10.1016_j.enbuild.2022.112738.json,,whitebox,,NM,NM,NM,NM,NM,NM,NM,NM,NM,NM,NM,NM,NM,NM,NM,NM,NM,NM,NM,NM,,,,,,False,,,,NM,,,,,,,,,NM,NM
10.1016_j.enbuild.2022.112759.json,,whitebox,,NM,NM,NM,NM,NM,NM,NM,NM,NM,NM,NM,NM,NM,NM,NM,NM,NM,NM,NM,NM,,,,,,False,,,,NM,,,,,,,,,NM,NM
10.1016_j.enbuild.2022.112761.json,,whitebox,,NM,NM,NM,NM,NM,NM,NM,NM,NM,NM,NM,NM,NM,NM,NM,NM,NM,NM,NM,NM,,,,,,False,,,,NM,,,,,,,,,NM,NM
10.1016_j.enbuild.2023.112772.json,,whitebox,,NM,NM,NM,NM,NM,NM,NM,NM,NM,NM,NM,NM,NM,NM,NM,NM,NM,NM,NM,NM,,,,,,False,,,,NM,,,,,,,,,NM,NM
10.1016_j.enbuild.2023.112796.json,,whitebox,,NM,NM,NM,NM,NM,NM,NM,NM,NM,NM,NM,NM,NM,NM,NM,NM,NM,NM,NM,NM,,,,,,False,,,,NM,,,,,,,,,NM,NM
10.1016_j.enbuild.2023.112799.json,,whitebox,,NM,NM,NM,NM,NM,NM,NM,NM,NM,NM,NM,NM,NM,NM,NM,NM,NM,NM,NM,NM,,,,,,False,,,,NM,,,,,,,,,NM,NM
10.1016_j.enbuild.2023.112806.json,,whitebox,,NM,NM,NM,NM,NM,NM,NM,NM,NM,NM,NM,NM,NM,NM,NM,NM,NM,NM,NM,NM,,,,,,False,,,,NM,,,,,,,,,NM,NM
10.1016_j.enbuild.2023.112854.json,,whitebox,,NM,NM,NM,NM,NM,NM,NM,NM,NM,NM,NM,NM,NM,NM,NM,NM,NM,NM,NM,NM,,,,,,False,,,,NM,,,,,,,,,NM,NM
10.1016_j.enbuild.2023.112860.json,,whitebox,,NM,NM,NM,NM,NM,NM,NM,NM,NM,NM,NM,NM,NM,NM,NM,NM,NM,NM,NM,NM,,,,,,False,,,,NM,,,,,,,,,NM,NM
10.1016_j.enbuild.2023.112878.json,,whitebox,,NM,NM,NM,NM,NM,NM,NM,NM,NM,NM,NM,NM,NM,NM,NM,NM,NM,NM,NM,NM,,,,,,False,,,,NM,,,,,,,,,NM,NM
10.1016_j.enbuild.2023.112897.json,,whitebox,,NM,NM,NM,NM,NM,NM,NM,NM,NM,NM,NM,NM,NM,NM,NM,NM,NM,NM,NM,NM,,,,,,False,,,,NM,,,,,,,,,NM,NM
10.1016_j.enbuild.2023.112899.json,,whitebox,,NM,NM,NM,NM,NM,NM,NM,NM,NM,NM,NM,NM,NM,NM,NM,NM,NM,NM,NM,NM,,,,,,False,,,,NM,,,,,,,,,NM,NM
10.1016_j.enbuild.2023.112900.json,,whitebox,,NM,NM,NM,NM,NM,NM,NM,NM,NM,NM,NM,NM,NM,NM,NM,NM,NM,NM,NM,NM,,,,,,False,,,,NM,,,,,,,,,NM,NM
10.1016_j.enbuild.2023.112941.json,,whitebox,,NM,NM,NM,NM,NM,NM,NM,NM,NM,NM,NM,NM,NM,NM,NM,NM,NM,NM,NM,NM,,,,,,False,,,,NM,,,,,,,,,NM,NM
10.1016_j.enbuild.2023.112969.json,,whitebox,,NM,NM,NM,NM,NM,NM,NM,NM,NM,NM,NM,NM,NM,NM,NM,NM,NM,NM,NM,NM,,,,,,False,,,,NM,,,,,,,,,NM,NM
10.1016_j.enbuild.2023.113019.json,,whitebox,,NM,NM,NM,NM,NM,NM,NM,NM,NM,NM,NM,NM,NM,NM,NM,NM,NM,NM,NM,NM,,,,,,False,,,,NM,,,,,,,,,NM,NM
10.1016_j.enbuild.2023.113026.json,,whitebox,,NM,NM,NM,NM,NM,NM,NM,NM,NM,NM,NM,NM,NM,NM,NM,NM,NM,NM,NM,NM,,,,,,False,,,,NM,,,,,,,,,NM,NM
10.1016_j.enbuild.2023.113032.json,,whitebox,,NM,NM,NM,NM,NM,NM,NM,NM,NM,NM,NM,NM,NM,NM,NM,NM,NM,NM,NM,NM,,,,,,False,,,,NM,,,,,,,,,NM,NM
10.1016_j.enbuild.2023.113033.json,,whitebox,,NM,NM,NM,NM,NM,NM,NM,NM,NM,NM,NM,NM,NM,NM,NM,NM,NM,NM,NM,NM,,,,,,False,,,,NM,,,,,,,,,NM,NM
10.1016_j.enbuild.2023.113088.json,,whitebox,,NM,NM,NM,NM,NM,NM,NM,NM,NM,NM,NM,NM,NM,NM,NM,NM,NM,NM,NM,NM,,,,,,False,,,,NM,,,,,,,,,NM,NM
10.1016_j.enbuild.2023.113106.json,,whitebox,,NM,NM,NM,NM,NM,NM,NM,NM,NM,NM,NM,NM,NM,NM,NM,NM,NM,NM,NM,NM,,,,,,False,,,,NM,,,,,,,,,NM,NM
10.1016_j.enbuild.2023.113139.json,,whitebox,,NM,NM,NM,NM,NM,NM,NM,NM,NM,NM,NM,NM,NM,NM,NM,NM,NM,NM,NM,NM,,,,,,False,,,,NM,,,,,,,,,NM,NM
10.1016_j.enbuild.2023.113163.json,,whitebox,,NM,NM,NM,NM,NM,NM,NM,NM,NM,NM,NM,NM,NM,NM,NM,NM,NM,NM,NM,NM,,,,,,False,,,,NM,,,,,,,,,NM,NM
10.1016_j.enbuild.2023.113173.json,,whitebox,,NM,NM,NM,NM,NM,NM,NM,NM,NM,NM,NM,NM,NM,NM,NM,NM,NM,NM,NM,NM,,,,,,False,,,,NM,,,,,,,,,NM,NM
10.1016_j.enbuild.2023.113200.json,,whitebox,,NM,NM,NM,NM,NM,NM,NM,NM,NM,NM,NM,NM,NM,NM,NM,NM,NM,NM,NM,NM,,,,,,False,,,,NM,,,,,,,,,NM,NM
10.1016_j.enbuild.2023.113258.json,,whitebox,,NM,NM,NM,NM,NM,NM,NM,NM,NM,NM,NM,NM,NM,NM,NM,NM,NM,NM,NM,NM,,,,,,False,,,,NM,,,,,,,,,NM,NM
10.1016_j.enbuild.2023.113286.json,,whitebox,,NM,NM,NM,NM,NM,NM,NM,NM,NM,NM,NM,NM,NM,NM,NM,NM,NM,NM,NM,NM,,,,,,False,,,,NM,,,,,,,,,NM,NM
10.1016_j.enbuild.2023.113291.json,,whitebox,,NM,NM,NM,NM,NM,NM,NM,NM,NM,NM,NM,NM,NM,NM,NM,NM,NM,NM,NM,NM,,,,,,False,,,,NM,,,,,,,,,NM,NM
10.1016_j.enbuild.2023.113295.json,,whitebox,,NM,NM,NM,NM,NM,NM,NM,NM,NM,NM,NM,NM,NM,NM,NM,NM,NM,NM,NM,NM,,,,,,False,,,,NM,,,,,,,,,NM,NM
10.1016_j.enbuild.2023.113325.json,,whitebox,,NM,NM,NM,NM,NM,NM,NM,NM,NM,NM,NM,NM,NM,NM,NM,NM,NM,NM,NM,NM,,,,,,False,,,,NM,,,,,,,,,NM,NM
10.1016_j.enbuild.2023.113339.json,,whitebox,,NM,NM,NM,NM,NM,NM,NM,NM,NM,NM,NM,NM,NM,NM,NM,NM,NM,NM,NM,NM,,,,,,False,,,,NM,,,,,,,,,NM,NM
10.1016_j.enbuild.2023.113340.json,,whitebox,,NM,NM,NM,NM,NM,NM,NM,NM,NM,NM,NM,NM,NM,NM,NM,NM,NM,NM,NM,NM,,,,,,False,,,,NM,,,,,,,,,NM,NM
10.1016_j.enbuild.2023.113341.json,,whitebox,,NM,NM,NM,NM,NM,NM,NM,NM,NM,NM,NM,NM,NM,NM,NM,NM,NM,NM,NM,NM,,,,,,False,,,,NM,,,,,,,,,NM,NM
10.1016_j.enbuild.2023.113348.json,,whitebox,,NM,NM,NM,NM,NM,NM,NM,NM,NM,NM,NM,NM,NM,NM,NM,NM,NM,NM,NM,NM,,,,,,False,,,,NM,,,,,,,,,NM,NM
10.1016_j.enbuild.2023.113369.json,,whitebox,,NM,NM,NM,NM,NM,NM,NM,NM,NM,NM,NM,NM,NM,NM,NM,NM,NM,NM,NM,NM,,,,,,False,,,,NM,,,,,,,,,NM,NM
10.1016_j.enbuild.2023.113381.json,,whitebox,,NM,NM,NM,NM,NM,NM,NM,NM,NM,NM,NM,NM,NM,NM,NM,NM,NM,NM,NM,NM,,,,,,False,,,,NM,,,,,,,,,NM,NM
10.1016_j.enbuild.2023.113392.json,,whitebox,,NM,NM,NM,NM,NM,NM,NM,NM,NM,NM,NM,NM,NM,NM,NM,NM,NM,NM,NM,NM,,,,,,False,,,,NM,,,,,,,,,NM,NM
10.1016_j.enbuild.2023.113403.json,,whitebox,,NM,NM,NM,NM,NM,NM,NM,NM,NM,NM,NM,NM,NM,NM,NM,NM,NM,NM,NM,NM,,,,,,False,,,,NM,,,,,,,,,NM,NM
10.1016_j.enbuild.2023.113435.json,,whitebox,,NM,NM,NM,NM,NM,NM,NM,NM,NM,NM,NM,NM,NM,NM,NM,NM,NM,NM,NM,NM,,,,,,False,,,,NM,,,,,,,,,NM,NM
10.1016_j.enbuild.2023.113436.json,,whitebox,,NM,NM,NM,NM,NM,NM,NM,NM,NM,NM,NM,NM,NM,NM,NM,NM,NM,NM,NM,NM,,,,,,False,,,,NM,,,,,,,,,NM,NM
10.1016_j.enbuild.2023.113471.json,,whitebox,,NM,NM,NM,NM,NM,NM,NM,NM,NM,NM,NM,NM,NM,NM,NM,NM,NM,NM,NM,NM,,,,,,False,,,,NM,,,,,,,,,NM,NM
10.1016_j.enbuild.2023.113533.json,,whitebox,,NM,NM,NM,NM,NM,NM,NM,NM,NM,NM,NM,NM,NM,NM,NM,NM,NM,NM,NM,NM,,,,,,False,,,,NM,,,,,,,,,NM,NM
10.1016_j.enbuild.2023.113552.json,,whitebox,,NM,NM,NM,NM,NM,NM,NM,NM,NM,NM,NM,NM,NM,NM,NM,NM,NM,NM,NM,NM,,,,,,False,,,,NM,,,,,,,,,NM,NM
10.1016_j.enbuild.2023.113584.json,,whitebox,,NM,NM,NM,NM,NM,NM,NM,NM,NM,NM,NM,NM,NM,NM,NM,NM,NM,NM,NM,NM,,,,,,False,,,,NM,,,,,,,,,NM,NM
10.1016_j.enbuild.2023.113624.json,,whitebox,,NM,NM,NM,NM,NM,NM,NM,NM,NM,NM,NM,NM,NM,NM,NM,NM,NM,NM,NM,NM,,,,,,False,,,,NM,,,,,,,,,NM,NM
10.1016_j.enbuild.2023.113637.json,,whitebox,,NM,NM,NM,NM,NM,NM,NM,NM,NM,NM,NM,NM,NM,NM,NM,NM,NM,NM,NM,NM,,,,,,False,,,,NM,,,,,,,,,NM,NM
10.1016_j.enbuild.2023.113658.json,,whitebox,,NM,NM,NM,NM,NM,NM,NM,NM,NM,NM,NM,NM,NM,NM,NM,NM,NM,NM,NM,NM,,,,,,False,,,,NM,,,,,,,,,NM,NM
10.1016_j.enbuild.2023.113681.json,,whitebox,,NM,NM,NM,NM,NM,NM,NM,NM,NM,NM,NM,NM,NM,NM,NM,NM,NM,NM,NM,NM,,,,,,False,,,,NM,,,,,,,,,NM,NM
10.1016_j.enbuild.2023.113698.json,,whitebox,,NM,NM,NM,NM,NM,NM,NM,NM,NM,NM,NM,NM,NM,NM,NM,NM,NM,NM,NM,NM,,,,,,False,,,,NM,,,,,,,,,NM,NM
10.1016_j.enbuild.2023.113717.json,,whitebox,,NM,NM,NM,NM,NM,NM,NM,NM,NM,NM,NM,NM,NM,NM,NM,NM,NM,NM,NM,NM,,,,,,False,,,,NM,,,,,,,,,NM,NM
10.1016_j.enbuild.2023.113747.json,,whitebox,,NM,NM,NM,NM,NM,NM,NM,NM,NM,NM,NM,NM,NM,NM,NM,NM,NM,NM,NM,NM,,,,,,False,,,,NM,,,,,,,,,NM,NM
10.1016_j.enbuild.2023.113752.json,,whitebox,,NM,NM,NM,NM,NM,NM,NM,NM,NM,NM,NM,NM,NM,NM,NM,NM,NM,NM,NM,NM,,,,,,False,,,,NM,,,,,,,,,NM,NM
10.1016_j.enbuild.2023.113760.json,,whitebox,,NM,NM,NM,NM,NM,NM,NM,NM,NM,NM,NM,NM,NM,NM,NM,NM,NM,NM,NM,NM,,,,,,False,,,,NM,,,,,,,,,NM,NM
10.1016_j.enbuild.2023.113770.json,,whitebox,,NM,NM,NM,NM,NM,NM,NM,NM,NM,NM,NM,NM,NM,NM,NM,NM,NM,NM,NM,NM,,,,,,False,,,,NM,,,,,,,,,NM,NM
10.1016_j.enbuild.2023.113771.json,,whitebox,,NM,NM,NM,NM,NM,NM,NM,NM,NM,NM,NM,NM,NM,NM,NM,NM,NM,NM,NM,NM,,,,,,False,,,,NM,,,,,,,,,NM,NM
10.1016_j.enbuild.2023.113790.json,,whitebox,,NM,NM,NM,NM,NM,NM,NM,NM,NM,NM,NM,NM,NM,NM,NM,NM,NM,NM,NM,NM,,,,,,False,,,,NM,,,,,,,,,NM,NM
10.1016_j.enbuild.2023.113811.json,,whitebox,,NM,NM,NM,NM,NM,NM,NM,NM,NM,NM,NM,NM,NM,NM,NM,NM,NM,NM,NM,NM,,,,,,False,,,,NM,,,,,,,,,NM,NM
10.1016_j.enbuild.2023.113831.json,,whitebox,,NM,NM,NM,NM,NM,NM,NM,NM,NM,NM,NM,NM,NM,NM,NM,NM,NM,NM,NM,NM,,,,,,False,,,,NM,,,,,,,,,NM,NM
10.1016_j.enbuild.2024.113889.json,,whitebox,,NM,NM,NM,NM,NM,NM,NM,NM,NM,NM,NM,NM,NM,NM,NM,NM,NM,NM,NM,NM,,,,,,False,,,,NM,,,,,,,,,NM,NM
10.1016_j.enbuild.2024.113895.json,,whitebox,,NM,NM,NM,NM,NM,NM,NM,NM,NM,NM,NM,NM,NM,NM,NM,NM,NM,NM,NM,NM,,,,,,False,,,,NM,,,,,,,,,NM,NM
10.1016_j.enbuild.2024.113964.json,,whitebox,,NM,NM,NM,NM,NM,NM,NM,NM,NM,NM,NM,NM,NM,NM,NM,NM,NM,NM,NM,NM,,,,,,False,,,,NM,,,,,,,,,NM,NM
10.1016_j.enbuild.2024.114063.json,,whitebox,,NM,NM,NM,NM,NM,NM,NM,NM,NM,NM,NM,NM,NM,NM,NM,NM,NM,NM,NM,NM,,,,,,False,,,,NM,,,,,,,,,NM,NM
10.1016_j.enbuild.2024.114065.json,,whitebox,,NM,NM,NM,NM,NM,NM,NM,NM,NM,NM,NM,NM,NM,NM,NM,NM,NM,NM,NM,NM,,,,,,False,,,,NM,,,,,,,,,NM,NM
10.1016_j.enbuild.2024.114072.json,,whitebox,,NM,NM,NM,NM,NM,NM,NM,NM,NM,NM,NM,NM,NM,NM,NM,NM,NM,NM,NM,NM,,,,,,False,,,,NM,,,,,,,,,NM,NM
10.1016_j.enbuild.2024.114135.json,,whitebox,,NM,NM,NM,NM,NM,NM,NM,NM,NM,NM,NM,NM,NM,NM,NM,NM,NM,NM,NM,NM,,,,,,False,,,,NM,,,,,,,,,NM,NM
10.1016_j.enbuild.2024.114141.json,,whitebox,,NM,NM,NM,NM,NM,NM,NM,NM,NM,NM,NM,NM,NM,NM,NM,NM,NM,NM,NM,NM,,,,,,False,,,,NM,,,,,,,,,NM,NM
10.1016_j.enbuild.2024.114161.json,,whitebox,,NM,NM,NM,NM,NM,NM,NM,NM,NM,NM,NM,NM,NM,NM,NM,NM,NM,NM,NM,NM,,,,,,False,,,,NM,,,,,,,,,NM,NM
10.1016_j.enbuild.2024.114162.json,,whitebox,,NM,NM,NM,NM,NM,NM,NM,NM,NM,NM,NM,NM,NM,NM,NM,NM,NM,NM,NM,NM,,,,,,False,,,,NM,,,,,,,,,NM,NM
10.1016_j.enbuild.2024.114215.json,,whitebox,,NM,NM,NM,NM,NM,NM,NM,NM,NM,NM,NM,NM,NM,NM,NM,NM,NM,NM,NM,NM,,,,,,False,,,,NM,,,,,,,,,NM,NM
10.1016_j.enbuild.2024.114278.json,,whitebox,,NM,NM,NM,NM,NM,NM,NM,NM,NM,NM,NM,NM,NM,NM,NM,NM,NM,NM,NM,NM,,,,,,False,,,,NM,,,,,,,,,NM,NM
10.1016_j.enbuild.2024.114310.json,,whitebox,,NM,NM,NM,NM,NM,NM,NM,NM,NM,NM,NM,NM,NM,NM,NM,NM,NM,NM,NM,NM,,,,,,False,,,,NM,,,,,,,,,NM,NM
10.1016_j.enbuild.2024.114317.json,,whitebox,,NM,NM,NM,NM,NM,NM,NM,NM,NM,NM,NM,NM,NM,NM,NM,NM,NM,NM,NM,NM,,,,,,False,,,,NM,,,,,,,,,NM,NM
10.1016_j.enbuild.2024.114321.json,,whitebox,,NM,NM,NM,NM,NM,NM,NM,NM,NM,NM,NM,NM,NM,NM,NM,NM,NM,NM,NM,NM,,,,,,False,,,,NM,,,,,,,,,NM,NM
10.1016_j.enbuild.2024.114346.json,,whitebox,,NM,NM,NM,NM,NM,NM,NM,NM,NM,NM,NM,NM,NM,NM,NM,NM,NM,NM,NM,NM,,,,,,False,,,,NM,,,,,,,,,NM,NM
10.1016_j.enbuild.2024.114368.json,,whitebox,,NM,NM,NM,NM,NM,NM,NM,NM,NM,NM,NM,NM,NM,NM,NM,NM,NM,NM,NM,NM,,,,,,False,,,,NM,,,,,,,,,NM,NM
10.1016_j.enbuild.2024.114410.json,,whitebox,,NM,NM,NM,NM,NM,NM,NM,NM,NM,NM,NM,NM,NM,NM,NM,NM,NM,NM,NM,NM,,,,,,False,,,,NM,,,,,,,,,NM,NM
10.1016_j.enbuild.2024.114420.json,,whitebox,,NM,NM,NM,NM,NM,NM,NM,NM,NM,NM,NM,NM,NM,NM,NM,NM,NM,NM,NM,NM,,,,,,False,,,,NM,,,,,,,,,NM,NM
10.1016_j.enbuild.2024.114461.json,,whitebox,,NM,NM,NM,NM,NM,NM,NM,NM,NM,NM,NM,NM,NM,NM,NM,NM,NM,NM,NM,NM,,,,,,False,,,,NM,,,,,,,,,NM,NM
10.1016_j.enbuild.2024.114474.json,,whitebox,,NM,NM,NM,NM,NM,NM,NM,NM,NM,NM,NM,NM,NM,NM,NM,NM,NM,NM,NM,NM,,,,,,False,,,,NM,,,,,,,,,NM,NM
10.1016_j.enbuild.2024.114497.json,,whitebox,,NM,NM,NM,NM,NM,NM,NM,NM,NM,NM,NM,NM,NM,NM,NM,NM,NM,NM,NM,NM,,,,,,False,,,,NM,,,,,,,,,NM,NM
10.1016_j.enbuild.2024.114516.json,,whitebox,,NM,NM,NM,NM,NM,NM,NM,NM,NM,NM,NM,NM,NM,NM,NM,NM,NM,NM,NM,NM,,,,,,False,,,,NM,,,,,,,,,NM,NM
10.1016_j.enbuild.2024.114528.json,,whitebox,,NM,NM,NM,NM,NM,NM,NM,NM,NM,NM,NM,NM,NM,NM,NM,NM,NM,NM,NM,NM,,,,,,False,,,,NM,,,,,,,,,NM,NM
10.1016_j.enbuild.2024.114562.json,,whitebox,,NM,NM,NM,NM,NM,NM,NM,NM,NM,NM,NM,NM,NM,NM,NM,NM,NM,NM,NM,NM,,,,,,False,,,,NM,,,,,,,,,NM,NM
10.1016_j.enbuild.2024.114595.json,,whitebox,,NM,NM,NM,NM,NM,NM,NM,NM,NM,NM,NM,NM,NM,NM,NM,NM,NM,NM,NM,NM,,,,,,False,,,,NM,,,,,,,,,NM,NM
10.1016_j.enbuild.2024.114696.json,,whitebox,,NM,NM,NM,NM,NM,NM,NM,NM,NM,NM,NM,NM,NM,NM,NM,NM,NM,NM,NM,NM,,,,,,False,,,,NM,,,,,,,,,NM,NM
10.1016_j.enbuild.2024.114741.json,,whitebox,,NM,NM,NM,NM,NM,NM,NM,NM,NM,NM,NM,NM,NM,NM,NM,NM,NM,NM,NM,NM,,,,,,False,,,,NM,,,,,,,,,NM,NM
10.1016_j.enbuild.2024.114799.json,,whitebox,,NM,NM,NM,NM,NM,NM,NM,NM,NM,NM,NM,NM,NM,NM,NM,NM,NM,NM,NM,NM,,,,,,False,,,,NM,,,,,,,,,NM,NM
10.1016_j.enbuild.2024.114806.json,,whitebox,,NM,NM,NM,NM,NM,NM,NM,NM,NM,NM,NM,NM,NM,NM,NM,NM,NM,NM,NM,NM,,,,,,False,,,,NM,,,,,,,,,NM,NM
10.1016_j.enbuild.2024.114819.json,,whitebox,,NM,NM,NM,NM,NM,NM,NM,NM,NM,NM,NM,NM,NM,NM,NM,NM,NM,NM,NM,NM,,,,,,False,,,,NM,,,,,,,,,NM,NM
10.1016_j.enbuild.2024.114823.json,,whitebox,,NM,NM,NM,NM,NM,NM,NM,NM,NM,NM,NM,NM,NM,NM,NM,NM,NM,NM,NM,NM,,,,,,False,,,,NM,,,,,,,,,NM,NM
10.1016_j.enbuild.2024.114844.json,,whitebox,,NM,NM,NM,NM,NM,NM,NM,NM,NM,NM,NM,NM,NM,NM,NM,NM,NM,NM,NM,NM,,,,,,False,,,,NM,,,,,,,,,NM,NM
10.1016_j.enbuild.2024.114879.json,,whitebox,,NM,NM,NM,NM,NM,NM,NM,NM,NM,NM,NM,NM,NM,NM,NM,NM,NM,NM,NM,NM,,,,,,False,,,,NM,,,,,,,,,NM,NM
10.1016_j.enbuild.2024.114898.json,,whitebox,,NM,NM,NM,NM,NM,NM,NM,NM,NM,NM,NM,NM,NM,NM,NM,NM,NM,NM,NM,NM,,,,,,False,,,,NM,,,,,,,,,NM,NM
10.1016_j.enbuild.2024.114968.json,,whitebox,,NM,NM,NM,NM,NM,NM,NM,NM,NM,NM,NM,NM,NM,NM,NM,NM,NM,NM,NM,NM,,,,,,False,,,,NM,,,,,,,,,NM,NM
10.1016_j.energy.2019.116813.json,,whitebox,,NM,NM,NM,NM,NM,NM,NM,NM,NM,NM,NM,NM,NM,NM,NM,NM,NM,NM,NM,NM,,,,,,False,,,,NM,,,,,,,,,NM,NM
10.1016_j.energy.2020.117328.json,,whitebox,,NM,NM,NM,NM,NM,NM,NM,NM,NM,NM,NM,NM,NM,NM,NM,NM,NM,NM,NM,NM,,,,,,False,,,,NM,,,,,,,,,NM,NM
10.1016_j.energy.2020.118019.json,,whitebox,,NM,NM,NM,NM,NM,NM,NM,NM,NM,NM,NM,NM,NM,NM,NM,NM,NM,NM,NM,NM,,,,,,False,,,,NM,,,,,,,,,NM,NM
10.1016_j.energy.2020.118116.json,,whitebox,,NM,NM,NM,NM,NM,NM,NM,NM,NM,NM,NM,NM,NM,NM,NM,NM,NM,NM,NM,NM,,,,,,False,,,,NM,,,,,,,,,NM,NM
10.1016_j.energy.2020.118411.json,,whitebox,,NM,NM,NM,NM,NM,NM,NM,NM,NM,NM,NM,NM,NM,NM,NM,NM,NM,NM,NM,NM,,,,,,False,,,,NM,,,,,,,,,NM,NM
10.1016_j.energy.2020.118456.json,,whitebox,,NM,NM,NM,NM,NM,NM,NM,NM,NM,NM,NM,NM,NM,NM,NM,NM,NM,NM,NM,NM,,,,,,False,,,,NM,,,,,,,,,NM,NM
10.1016_j.energy.2020.118474.json,,whitebox,,NM,NM,NM,NM,NM,NM,NM,NM,NM,NM,NM,NM,NM,NM,NM,NM,NM,NM,NM,NM,,,,,,False,,,,NM,,,,,,,,,NM,NM
10.1016_j.energy.2021.119961.json,,whitebox,,NM,NM,NM,NM,NM,NM,NM,NM,NM,NM,NM,NM,NM,NM,NM,NM,NM,NM,NM,NM,,,,,,False,,,,NM,,,,,,,,,NM,NM
10.1016_j.energy.2021.120725.json,,whitebox,,NM,NM,NM,NM,NM,NM,NM,NM,NM,NM,NM,NM,NM,NM,NM,NM,NM,NM,NM,NM,,,,,,False,,,,NM,,,,,,,,,NM,NM
10.1016_j.energy.2021.120928.json,,whitebox,,NM,NM,NM,NM,NM,NM,NM,NM,NM,NM,NM,NM,NM,NM,NM,NM,NM,NM,NM,NM,,,,,,False,,,,NM,,,,,,,,,NM,NM
10.1016_j.energy.2021.121871.json,,whitebox,,NM,NM,NM,NM,NM,NM,NM,NM,NM,NM,NM,NM,NM,NM,NM,NM,NM,NM,NM,NM,,,,,,False,,,,NM,,,,,,,,,NM,NM
10.1016_j.energy.2021.122043.json,,whitebox,,NM,NM,NM,NM,NM,NM,NM,NM,NM,NM,NM,NM,NM,NM,NM,NM,NM,NM,NM,NM,,,,,,False,,,,NM,,,,,,,,,NM,NM
10.1016_j.energy.2021.122410.json,,whitebox,,NM,NM,NM,NM,NM,NM,NM,NM,NM,NM,NM,NM,NM,NM,NM,NM,NM,NM,NM,NM,,,,,,False,,,,NM,,,,,,,,,NM,NM
10.1016_j.energy.2021.122691.json,,whitebox,,NM,NM,NM,NM,NM,NM,NM,NM,NM,NM,NM,NM,NM,NM,NM,NM,NM,NM,NM,NM,,,,,,False,,,,NM,,,,,,,,,NM,NM
10.1016_j.energy.2022.123291.json,,whitebox,,NM,NM,NM,NM,NM,NM,NM,NM,NM,NM,NM,NM,NM,NM,NM,NM,NM,NM,NM,NM,,,,,,False,,,,NM,,,,,,,,,NM,NM
10.1016_j.energy.2022.123634.json,,whitebox,,NM,NM,NM,NM,NM,NM,NM,NM,NM,NM,NM,NM,NM,NM,NM,NM,NM,NM,NM,NM,,,,,,False,,,,NM,,,,,,,,,NM,NM
10.1016_j.energy.2022.123796.json,,whitebox,,NM,NM,NM,NM,NM,NM,NM,NM,NM,NM,NM,NM,NM,NM,NM,NM,NM,NM,NM,NM,,,,,,False,,,,NM,,,,,,,,,NM,NM
10.1016_j.energy.2022.124157.json,,whitebox,,NM,NM,NM,NM,NM,NM,NM,NM,NM,NM,NM,NM,NM,NM,NM,NM,NM,NM,NM,NM,,,,,,False,,,,NM,,,,,,,,,NM,NM
10.1016_j.energy.2022.124475.json,,whitebox,,NM,NM,NM,NM,NM,NM,NM,NM,NM,NM,NM,NM,NM,NM,NM,NM,NM,NM,NM,NM,,,,,,False,,,,NM,,,,,,,,,NM,NM
10.1016_j.energy.2022.124857.json,,whitebox,,NM,NM,NM,NM,NM,NM,NM,NM,NM,NM,NM,NM,NM,NM,NM,NM,NM,NM,NM,NM,,,,,,False,,,,NM,,,,,,,,,NM,NM
10.1016_j.energy.2022.125494.json,,whitebox,,NM,NM,NM,NM,NM,NM,NM,NM,NM,NM,NM,NM,NM,NM,NM,NM,NM,NM,NM,NM,,,,,,False,,,,NM,,,,,,,,,NM,NM
10.1016_j.energy.2022.125577.json,,whitebox,,NM,NM,NM,NM,NM,NM,NM,NM,NM,NM,NM,NM,NM,NM,NM,NM,NM,NM,NM,NM,,,,,,False,,,,NM,,,,,,,,,NM,NM
10.1016_j.energy.2022.125679.json,,whitebox,,NM,NM,NM,NM,NM,NM,NM,NM,NM,NM,NM,NM,NM,NM,NM,NM,NM,NM,NM,NM,,,,,,False,,,,NM,,,,,,,,,NM,NM
10.1016_j.energy.2022.125703.json,,whitebox,,NM,NM,NM,NM,NM,NM,NM,NM,NM,NM,NM,NM,NM,NM,NM,NM,NM,NM,NM,NM,,,,,,False,,,,NM,,,,,,,,,NM,NM
10.1016_j.energy.2022.126209.json,,whitebox,,NM,NM,NM,NM,NM,NM,NM,NM,NM,NM,NM,NM,NM,NM,NM,NM,NM,NM,NM,NM,,,,,,False,,,,NM,,,,,,,,,NM,NM
10.1016_j.energy.2022.126337.json,,whitebox,,NM,NM,NM,NM,NM,NM,NM,NM,NM,NM,NM,NM,NM,NM,NM,NM,NM,NM,NM,NM,,,,,,False,,,,NM,,,,,,,,,NM,NM
10.1016_j.energy.2023.126748.json,,whitebox,,NM,NM,NM,NM,NM,NM,NM,NM,NM,NM,NM,NM,NM,NM,NM,NM,NM,NM,NM,NM,,,,,,False,,,,NM,,,,,,,,,NM,NM
10.1016_j.energy.2023.126874.json,,whitebox,,NM,NM,NM,NM,NM,NM,NM,NM,NM,NM,NM,NM,NM,NM,NM,NM,NM,NM,NM,NM,,,,,,False,,,,NM,,,,,,,,,NM,NM
10.1016_j.energy.2023.127073.json,,whitebox,,NM,NM,NM,NM,NM,NM,NM,NM,NM,NM,NM,NM,NM,NM,NM,NM,NM,NM,NM,NM,,,,,,False,,,,NM,,,,,,,,,NM,NM
10.1016_j.energy.2023.127075.json,,whitebox,,NM,NM,NM,NM,NM,NM,NM,NM,NM,NM,NM,NM,NM,NM,NM,NM,NM,NM,NM,NM,,,,,,False,,,,NM,,,,,,,,,NM,NM
10.1016_j.energy.2023.127186.json,,whitebox,,NM,NM,NM,NM,NM,NM,NM,NM,NM,NM,NM,NM,NM,NM,NM,NM,NM,NM,NM,NM,,,,,,False,,,,NM,,,,,,,,,NM,NM
10.1016_j.energy.2023.127192.json,,whitebox,,NM,NM,NM,NM,NM,NM,NM,NM,NM,NM,NM,NM,NM,NM,NM,NM,NM,NM,NM,NM,,,,,,False,,,,NM,,,,,,,,,NM,NM
10.1016_j.energy.2023.127828.json,,whitebox,,NM,NM,NM,NM,NM,NM,NM,NM,NM,NM,NM,NM,NM,NM,NM,NM,NM,NM,NM,NM,,,,,,False,,,,NM,,,,,,,,,NM,NM
10.1016_j.energy.2023.127839.json,,whitebox,,NM,NM,NM,NM,NM,NM,NM,NM,NM,NM,NM,NM,NM,NM,NM,NM,NM,NM,NM,NM,,,,,,False,,,,NM,,,,,,,,,NM,NM
10.1016_j.energy.2023.128084.json,,whitebox,,NM,NM,NM,NM,NM,NM,NM,NM,NM,NM,NM,NM,NM,NM,NM,NM,NM,NM,NM,NM,,,,,,False,,,,NM,,,,,,,,,NM,NM
10.1016_j.energy.2023.128180.json,,whitebox,,NM,NM,NM,NM,NM,NM,NM,NM,NM,NM,NM,NM,NM,NM,NM,NM,NM,NM,NM,NM,,,,,,False,,,,NM,,,,,,,,,NM,NM
10.1016_j.energy.2023.128248.json,,whitebox,,NM,NM,NM,NM,NM,NM,NM,NM,NM,NM,NM,NM,NM,NM,NM,NM,NM,NM,NM,NM,,,,,,False,,,,NM,,,,,,,,,NM,NM
10.1016_j.energy.2023.128751.json,,whitebox,,NM,NM,NM,NM,NM,NM,NM,NM,NM,NM,NM,NM,NM,NM,NM,NM,NM,NM,NM,NM,,,,,,False,,,,NM,,,,,,,,,NM,NM
10.1016_j.energy.2023.130172.json,,whitebox,,NM,NM,NM,NM,NM,NM,NM,NM,NM,NM,NM,NM,NM,NM,NM,NM,NM,NM,NM,NM,,,,,,False,,,,NM,,,,,,,,,NM,NM
10.1016_j.energy.2024.130344.json,,whitebox,,NM,NM,NM,NM,NM,NM,NM,NM,NM,NM,NM,NM,NM,NM,NM,NM,NM,NM,NM,NM,,,,,,False,,,,NM,,,,,,,,,NM,NM
10.1016_j.energy.2024.130505.json,,whitebox,,NM,NM,NM,NM,NM,NM,NM,NM,NM,NM,NM,NM,NM,NM,NM,NM,NM,NM,NM,NM,,,,,,False,,,,NM,,,,,,,,,NM,NM
10.1016_j.energy.2024.130507.json,,whitebox,,NM,NM,NM,NM,NM,NM,NM,NM,NM,NM,NM,NM,NM,NM,NM,NM,NM,NM,NM,NM,,,,,,False,,,,NM,,,,,,,,,NM,NM
10.1016_j.energy.2024.130619.json,,whitebox,,NM,NM,NM,NM,NM,NM,NM,NM,NM,NM,NM,NM,NM,NM,NM,NM,NM,NM,NM,NM,,,,,,False,,,,NM,,,,,,,,,NM,NM
10.1016_j.energy.2024.131126.json,,whitebox,,NM,NM,NM,NM,NM,NM,NM,NM,NM,NM,NM,NM,NM,NM,NM,NM,NM,NM,NM,NM,,,,,,False,,,,NM,,,,,,,,,NM,NM
10.1016_j.energy.2024.131313.json,,whitebox,,NM,NM,NM,NM,NM,NM,NM,NM,NM,NM,NM,NM,NM,NM,NM,NM,NM,NM,NM,NM,,,,,,False,,,,NM,,,,,,,,,NM,NM
10.1016_j.energy.2024.132343.json,,whitebox,,NM,NM,NM,NM,NM,NM,NM,NM,NM,NM,NM,NM,NM,NM,NM,NM,NM,NM,NM,NM,,,,,,False,,,,NM,,,,,,,,,NM,NM
10.1016_j.energy.2024.132578.json,,whitebox,,NM,NM,NM,NM,NM,NM,NM,NM,NM,NM,NM,NM,NM,NM,NM,NM,NM,NM,NM,NM,,,,,,False,,,,NM,,,,,,,,,NM,NM
10.1016_j.energy.2024.132740.json,,whitebox,,NM,NM,NM,NM,NM,NM,NM,NM,NM,NM,NM,NM,NM,NM,NM,NM,NM,NM,NM,NM,,,,,,False,,,,NM,,,,,,,,,NM,NM
10.1016_j.energy.2024.132977.json,,whitebox,,NM,NM,NM,NM,NM,NM,NM,NM,NM,NM,NM,NM,NM,NM,NM,NM,NM,NM,NM,NM,,,,,,False,,,,NM,,,,,,,,,NM,NM
10.1016_j.energy.2024.133704.json,,whitebox,,NM,NM,NM,NM,NM,NM,NM,NM,NM,NM,NM,NM,NM,NM,NM,NM,NM,NM,NM,NM,,,,,,False,,,,NM,,,,,,,,,NM,NM
10.1016_j.jclepro.2019.119866.json,,whitebox,,NM,NM,NM,NM,NM,NM,NM,NM,NM,NM,NM,NM,NM,NM,NM,NM,NM,NM,NM,NM,,,,,,False,,,,NM,,,,,,,,,NM,NM
10.1016_j.jclepro.2020.121167.json,,whitebox,,NM,NM,NM,NM,NM,NM,NM,NM,NM,NM,NM,NM,NM,NM,NM,NM,NM,NM,NM,NM,,,,,,False,,,,NM,,,,,,,,,NM,NM
10.1016_j.jclepro.2020.122059.json,,whitebox,,NM,NM,NM,NM,NM,NM,NM,NM,NM,NM,NM,NM,NM,NM,NM,NM,NM,NM,NM,NM,,,,,,False,,,,NM,,,,,,,,,NM,NM
10.1016_j.jobe.2019.101043.json,,whitebox,,NM,NM,NM,NM,NM,NM,NM,NM,NM,NM,NM,NM,NM,NM,NM,NM,NM,NM,NM,NM,,,,,,False,,,,NM,,,,,,,,,NM,NM
10.1016_j.jobe.2020.101505.json,,whitebox,,NM,NM,NM,NM,NM,NM,NM,NM,NM,NM,NM,NM,NM,NM,NM,NM,NM,NM,NM,NM,,,,,,False,,,,NM,,,,,,,,,NM,NM
10.1016_j.jobe.2020.101635.json,,whitebox,,NM,NM,NM,NM,NM,NM,NM,NM,NM,NM,NM,NM,NM,NM,NM,NM,NM,NM,NM,NM,,,,,,False,,,,NM,,,,,,,,,NM,NM
10.1016_j.jobe.2020.101739.json,,whitebox,,NM,NM,NM,NM,NM,NM,NM,NM,NM,NM,NM,NM,NM,NM,NM,NM,NM,NM,NM,NM,,,,,,False,,,,NM,,,,,,,,,NM,NM
10.1016_j.jobe.2020.101869.json,,whitebox,,NM,NM,NM,NM,NM,NM,NM,NM,NM,NM,NM,NM,NM,NM,NM,NM,NM,NM,NM,NM,,,,,,False,,,,NM,,,,,,,,,NM,NM
10.1016_j.jobe.2020.102095.json,,whitebox,,NM,NM,NM,NM,NM,NM,NM,NM,NM,NM,NM,NM,NM,NM,NM,NM,NM,NM,NM,NM,,,,,,False,,,,NM,,,,,,,,,NM,NM
10.1016_j.jobe.2020.102111.json,,whitebox,,NM,NM,NM,NM,NM,NM,NM,NM,NM,NM,NM,NM,NM,NM,NM,NM,NM,NM,NM,NM,,,,,,False,,,,NM,,,,,,,,,NM,NM
10.1016_j.jobe.2021.102246.json,,whitebox,,NM,NM,NM,NM,NM,NM,NM,NM,NM,NM,NM,NM,NM,NM,NM,NM,NM,NM,NM,NM,,,,,,False,,,,NM,,,,,,,,,NM,NM
10.1016_j.jobe.2021.102270.json,,whitebox,,NM,NM,NM,NM,NM,NM,NM,NM,NM,NM,NM,NM,NM,NM,NM,NM,NM,NM,NM,NM,,,,,,False,,,,NM,,,,,,,,,NM,NM
10.1016_j.jobe.2021.102340.json,,whitebox,,NM,NM,NM,NM,NM,NM,NM,NM,NM,NM,NM,NM,NM,NM,NM,NM,NM,NM,NM,NM,,,,,,False,,,,NM,,,,,,,,,NM,NM
10.1016_j.jobe.2021.102405.json,,whitebox,,NM,NM,NM,NM,NM,NM,NM,NM,NM,NM,NM,NM,NM,NM,NM,NM,NM,NM,NM,NM,,,,,,False,,,,NM,,,,,,,,,NM,NM
10.1016_j.jobe.2021.102578.json,,whitebox,,NM,NM,NM,NM,NM,NM,NM,NM,NM,NM,NM,NM,NM,NM,NM,NM,NM,NM,NM,NM,,,,,,False,,,,NM,,,,,,,,,NM,NM
10.1016_j.jobe.2021.102606.json,,whitebox,,NM,NM,NM,NM,NM,NM,NM,NM,NM,NM,NM,NM,NM,NM,NM,NM,NM,NM,NM,NM,,,,,,False,,,,NM,,,,,,,,,NM,NM
10.1016_j.jobe.2021.102687.json,,whitebox,,NM,NM,NM,NM,NM,NM,NM,NM,NM,NM,NM,NM,NM,NM,NM,NM,NM,NM,NM,NM,,,,,,False,,,,NM,,,,,,,,,NM,NM
10.1016_j.jobe.2021.102748.json,,whitebox,,NM,NM,NM,NM,NM,NM,NM,NM,NM,NM,NM,NM,NM,NM,NM,NM,NM,NM,NM,NM,,,,,,False,,,,NM,,,,,,,,,NM,NM
10.1016_j.jobe.2021.103017.json,,whitebox,,NM,NM,NM,NM,NM,NM,NM,NM,NM,NM,NM,NM,NM,NM,NM,NM,NM,NM,NM,NM,,,,,,False,,,,NM,,,,,,,,,NM,NM
10.1016_j.jobe.2021.103026.json,,whitebox,,NM,NM,NM,NM,NM,NM,NM,NM,NM,NM,NM,NM,NM,NM,NM,NM,NM,NM,NM,NM,,,,,,False,,,,NM,,,,,,,,,NM,NM
10.1016_j.jobe.2021.103198.json,,whitebox,,NM,NM,NM,NM,NM,NM,NM,NM,NM,NM,NM,NM,NM,NM,NM,NM,NM,NM,NM,NM,,,,,,False,,,,NM,,,,,,,,,NM,NM
10.1016_j.jobe.2021.103483.json,,whitebox,,NM,NM,NM,NM,NM,NM,NM,NM,NM,NM,NM,NM,NM,NM,NM,NM,NM,NM,NM,NM,,,,,,False,,,,NM,,,,,,,,,NM,NM
10.1016_j.jobe.2021.103778.json,,whitebox,,NM,NM,NM,NM,NM,NM,NM,NM,NM,NM,NM,NM,NM,NM,NM,NM,NM,NM,NM,NM,,,,,,False,,,,NM,,,,,,,,,NM,NM
10.1016_j.jobe.2022.104028.json,,whitebox,,NM,NM,NM,NM,NM,NM,NM,NM,NM,NM,NM,NM,NM,NM,NM,NM,NM,NM,NM,NM,,,,,,False,,,,NM,,,,,,,,,NM,NM
10.1016_j.jobe.2022.104100.json,,whitebox,,NM,NM,NM,NM,NM,NM,NM,NM,NM,NM,NM,NM,NM,NM,NM,NM,NM,NM,NM,NM,,,,,,False,,,,NM,,,,,,,,,NM,NM
10.1016_j.jobe.2022.104376.json,,whitebox,,NM,NM,NM,NM,NM,NM,NM,NM,NM,NM,NM,NM,NM,NM,NM,NM,NM,NM,NM,NM,,,,,,False,,,,NM,,,,,,,,,NM,NM
10.1016_j.jobe.2022.104498.json,,whitebox,,NM,NM,NM,NM,NM,NM,NM,NM,NM,NM,NM,NM,NM,NM,NM,NM,NM,NM,NM,NM,,,,,,False,,,,NM,,,,,,,,,NM,NM
10.1016_j.jobe.2022.104648.json,,whitebox,,NM,NM,NM,NM,NM,NM,NM,NM,NM,NM,NM,NM,NM,NM,NM,NM,NM,NM,NM,NM,,,,,,False,,,,NM,,,,,,,,,NM,NM
10.1016_j.jobe.2022.104702.json,,whitebox,,NM,NM,NM,NM,NM,NM,NM,NM,NM,NM,NM,NM,NM,NM,NM,NM,NM,NM,NM,NM,,,,,,False,,,,NM,,,,,,,,,NM,NM
10.1016_j.jobe.2022.104927.json,,whitebox,,NM,NM,NM,NM,NM,NM,NM,NM,NM,NM,NM,NM,NM,NM,NM,NM,NM,NM,NM,NM,,,,,,False,,,,NM,,,,,,,,,NM,NM
10.1016_j.jobe.2022.105219.json,,whitebox,,NM,NM,NM,NM,NM,NM,NM,NM,NM,NM,NM,NM,NM,NM,NM,NM,NM,NM,NM,NM,,,,,,False,,,,NM,,,,,,,,,NM,NM
10.1016_j.jobe.2022.105343.json,,whitebox,,NM,NM,NM,NM,NM,NM,NM,NM,NM,NM,NM,NM,NM,NM,NM,NM,NM,NM,NM,NM,,,,,,False,,,,NM,,,,,,,,,NM,NM
10.1016_j.jobe.2022.105419.json,,whitebox,,NM,NM,NM,NM,NM,NM,NM,NM,NM,NM,NM,NM,NM,NM,NM,NM,NM,NM,NM,NM,,,,,,False,,,,NM,,,,,,,,,NM,NM
10.1016_j.jobe.2022.105509.json,,whitebox,,NM,NM,NM,NM,NM,NM,NM,NM,NM,NM,NM,NM,NM,NM,NM,NM,NM,NM,NM,NM,,,,,,False,,,,NM,,,,,,,,,NM,NM
10.1016_j.jobe.2022.105559.json,,whitebox,,NM,NM,NM,NM,NM,NM,NM,NM,NM,NM,NM,NM,NM,NM,NM,NM,NM,NM,NM,NM,,,,,,False,,,,NM,,,,,,,,,NM,NM
10.1016_j.jobe.2022.105683.json,,whitebox,,NM,NM,NM,NM,NM,NM,NM,NM,NM,NM,NM,NM,NM,NM,NM,NM,NM,NM,NM,NM,,,,,,False,,,,NM,,,,,,,,,NM,NM
10.1016_j.jobe.2022.105766.json,,whitebox,,NM,NM,NM,NM,NM,NM,NM,NM,NM,NM,NM,NM,NM,NM,NM,NM,NM,NM,NM,NM,,,,,,False,,,,NM,,,,,,,,,NM,NM
10.1016_j.jobe.2023.105830.json,,whitebox,,NM,NM,NM,NM,NM,NM,NM,NM,NM,NM,NM,NM,NM,NM,NM,NM,NM,NM,NM,NM,,,,,,False,,,,NM,,,,,,,,,NM,NM
10.1016_j.jobe.2023.106113.json,,whitebox,,NM,NM,NM,NM,NM,NM,NM,NM,NM,NM,NM,NM,NM,NM,NM,NM,NM,NM,NM,NM,,,,,,False,,,,NM,,,,,,,,,NM,NM
10.1016_j.jobe.2023.106114.json,,whitebox,,NM,NM,NM,NM,NM,NM,NM,NM,NM,NM,NM,NM,NM,NM,NM,NM,NM,NM,NM,NM,,,,,,False,,,,NM,,,,,,,,,NM,NM
10.1016_j.jobe.2023.106204.json,,whitebox,,NM,NM,NM,NM,NM,NM,NM,NM,NM,NM,NM,NM,NM,NM,NM,NM,NM,NM,NM,NM,,,,,,False,,,,NM,,,,,,,,,NM,NM
10.1016_j.jobe.2023.106272.json,,whitebox,,NM,NM,NM,NM,NM,NM,NM,NM,NM,NM,NM,NM,NM,NM,NM,NM,NM,NM,NM,NM,,,,,,False,,,,NM,,,,,,,,,NM,NM
10.1016_j.jobe.2023.106536.json,,whitebox,,NM,NM,NM,NM,NM,NM,NM,NM,NM,NM,NM,NM,NM,NM,NM,NM,NM,NM,NM,NM,,,,,,False,,,,NM,,,,,,,,,NM,NM
10.1016_j.jobe.2023.106602.json,,whitebox,,NM,NM,NM,NM,NM,NM,NM,NM,NM,NM,NM,NM,NM,NM,NM,NM,NM,NM,NM,NM,,,,,,False,,,,NM,,,,,,,,,NM,NM
10.1016_j.jobe.2023.106745.json,,whitebox,,NM,NM,NM,NM,NM,NM,NM,NM,NM,NM,NM,NM,NM,NM,NM,NM,NM,NM,NM,NM,,,,,,False,,,,NM,,,,,,,,,NM,NM
10.1016_j.jobe.2023.106805.json,,whitebox,,NM,NM,NM,NM,NM,NM,NM,NM,NM,NM,NM,NM,NM,NM,NM,NM,NM,NM,NM,NM,,,,,,False,,,,NM,,,,,,,,,NM,NM
10.1016_j.jobe.2023.106852.json,,whitebox,,NM,NM,NM,NM,NM,NM,NM,NM,NM,NM,NM,NM,NM,NM,NM,NM,NM,NM,NM,NM,,,,,,False,,,,NM,,,,,,,,,NM,NM
10.1016_j.jobe.2023.107365.json,,whitebox,,NM,NM,NM,NM,NM,NM,NM,NM,NM,NM,NM,NM,NM,NM,NM,NM,NM,NM,NM,NM,,,,,,False,,,,NM,,,,,,,,,NM,NM
10.1016_j.jobe.2023.107372.json,,whitebox,,NM,NM,NM,NM,NM,NM,NM,NM,NM,NM,NM,NM,NM,NM,NM,NM,NM,NM,NM,NM,,,,,,False,,,,NM,,,,,,,,,NM,NM
10.1016_j.jobe.2023.107621.json,,whitebox,,NM,NM,NM,NM,NM,NM,NM,NM,NM,NM,NM,NM,NM,NM,NM,NM,NM,NM,NM,NM,,,,,,False,,,,NM,,,,,,,,,NM,NM
10.1016_j.jobe.2023.107657.json,,whitebox,,NM,NM,NM,NM,NM,NM,NM,NM,NM,NM,NM,NM,NM,NM,NM,NM,NM,NM,NM,NM,,,,,,False,,,,NM,,,,,,,,,NM,NM
10.1016_j.jobe.2023.108098.json,,whitebox,,NM,NM,NM,NM,NM,NM,NM,NM,NM,NM,NM,NM,NM,NM,NM,NM,NM,NM,NM,NM,,,,,,False,,,,NM,,,,,,,,,NM,NM
10.1016_j.jobe.2023.108341.json,,whitebox,,NM,NM,NM,NM,NM,NM,NM,NM,NM,NM,NM,NM,NM,NM,NM,NM,NM,NM,NM,NM,,,,,,False,,,,NM,,,,,,,,,NM,NM
10.1016_j.jobe.2024.108645.json,,whitebox,,NM,NM,NM,NM,NM,NM,NM,NM,NM,NM,NM,NM,NM,NM,NM,NM,NM,NM,NM,NM,,,,,,False,,,,NM,,,,,,,,,NM,NM
10.1016_j.jobe.2024.109112.json,,whitebox,,NM,NM,NM,NM,NM,NM,NM,NM,NM,NM,NM,NM,NM,NM,NM,NM,NM,NM,NM,NM,,,,,,False,,,,NM,,,,,,,,,NM,NM
10.1016_j.jobe.2024.109715.json,,whitebox,,NM,NM,NM,NM,NM,NM,NM,NM,NM,NM,NM,NM,NM,NM,NM,NM,NM,NM,NM,NM,,,,,,False,,,,NM,,,,,,,,,NM,NM
10.1016_j.jobe.2024.110081.json,,whitebox,,NM,NM,NM,NM,NM,NM,NM,NM,NM,NM,NM,NM,NM,NM,NM,NM,NM,NM,NM,NM,,,,,,False,,,,NM,,,,,,,,,NM,NM
10.1016_j.jobe.2024.110314.json,,whitebox,,NM,NM,NM,NM,NM,NM,NM,NM,NM,NM,NM,NM,NM,NM,NM,NM,NM,NM,NM,NM,,,,,,False,,,,NM,,,,,,,,,NM,NM
10.1016_j.jobe.2024.110410.json,,whitebox,,NM,NM,NM,NM,NM,NM,NM,NM,NM,NM,NM,NM,NM,NM,NM,NM,NM,NM,NM,NM,,,,,,False,,,,NM,,,,,,,,,NM,NM
10.1016_j.jobe.2024.110411.json,,whitebox,,NM,NM,NM,NM,NM,NM,NM,NM,NM,NM,NM,NM,NM,NM,NM,NM,NM,NM,NM,NM,,,,,,False,,,,NM,,,,,,,,,NM,NM
10.1016_j.jobe.2024.110694.json,,whitebox,,NM,NM,NM,NM,NM,NM,NM,NM,NM,NM,NM,NM,NM,NM,NM,NM,NM,NM,NM,NM,,,,,,False,,,,NM,,,,,,,,,NM,NM
10.1016_j.jobe.2024.111017.json,,whitebox,,NM,NM,NM,NM,NM,NM,NM,NM,NM,NM,NM,NM,NM,NM,NM,NM,NM,NM,NM,NM,,,,,,False,,,,NM,,,,,,,,,NM,NM
10.1016_j.measurement.2019.106997.json,,whitebox,,NM,NM,NM,NM,NM,NM,NM,NM,NM,NM,NM,NM,NM,NM,NM,NM,NM,NM,NM,NM,,,,,,False,,,,NM,,,,,,,,,NM,NM
10.1016_j.measurement.2019.107285.json,,whitebox,,NM,NM,NM,NM,NM,NM,NM,NM,NM,NM,NM,NM,NM,NM,NM,NM,NM,NM,NM,NM,,,,,,False,,,,NM,,,,,,,,,NM,NM
10.1016_j.rser.2020.109885.json,,whitebox,,NM,NM,NM,NM,NM,NM,NM,NM,NM,NM,NM,NM,NM,NM,NM,NM,NM,NM,NM,NM,,,,,,False,,,,NM,,,,,,,,,NM,NM
10.1016_j.rser.2022.112703.json,,whitebox,,NM,NM,NM,NM,NM,NM,NM,NM,NM,NM,NM,NM,NM,NM,NM,NM,NM,NM,NM,NM,,,,,,False,,,,NM,,,,,,,,,NM,NM
10.1016_j.rser.2023.114235.json,,whitebox,,NM,NM,NM,NM,NM,NM,NM,NM,NM,NM,NM,NM,NM,NM,NM,NM,NM,NM,NM,NM,,,,,,False,,,,NM,,,,,,,,,NM,NM
10.1016_j.scs.2019.101832.json,,whitebox,,NM,NM,NM,NM,NM,NM,NM,NM,NM,NM,NM,NM,NM,NM,NM,NM,NM,NM,NM,NM,,,,,,False,,,,NM,,,,,,,,,NM,NM
10.1016_j.scs.2019.101860.json,,whitebox,,NM,NM,NM,NM,NM,NM,NM,NM,NM,NM,NM,NM,NM,NM,NM,NM,NM,NM,NM,NM,,,,,,False,,,,NM,,,,,,,,,NM,NM
10.1016_j.scs.2019.101908.json,,whitebox,,NM,NM,NM,NM,NM,NM,NM,NM,NM,NM,NM,NM,NM,NM,NM,NM,NM,NM,NM,NM,,,,,,False,,,,NM,,,,,,,,,NM,NM
10.1016_j.scs.2020.102637.json,,whitebox,,NM,NM,NM,NM,NM,NM,NM,NM,NM,NM,NM,NM,NM,NM,NM,NM,NM,NM,NM,NM,,,,,,False,,,,NM,,,,,,,,,NM,NM
10.1016_j.scs.2021.103321.json,,whitebox,,NM,NM,NM,NM,NM,NM,NM,NM,NM,NM,NM,NM,NM,NM,NM,NM,NM,NM,NM,NM,,,,,,False,,,,NM,,,,,,,,,NM,NM
10.1016_j.scs.2021.103393.json,,whitebox,,NM,NM,NM,NM,NM,NM,NM,NM,NM,NM,NM,NM,NM,NM,NM,NM,NM,NM,NM,NM,,,,,,False,,,,NM,,,,,,,,,NM,NM
10.1016_j.scs.2021.103625.json,,whitebox,,NM,NM,NM,NM,NM,NM,NM,NM,NM,NM,NM,NM,NM,NM,NM,NM,NM,NM,NM,NM,,,,,,False,,,,NM,,,,,,,,,NM,NM
10.1016_j.scs.2023.104850.json,,whitebox,,NM,NM,NM,NM,NM,NM,NM,NM,NM,NM,NM,NM,NM,NM,NM,NM,NM,NM,NM,NM,,,,,,False,,,,NM,,,,,,,,,NM,NM
10.1016_j.scs.2023.105056.json,,whitebox,,NM,NM,NM,NM,NM,NM,NM,NM,NM,NM,NM,NM,NM,NM,NM,NM,NM,NM,NM,NM,,,,,,False,,,,NM,,,,,,,,,NM,NM
